mod_name,en_url,version,authors,jar,zh_name_tc,icon_url,zh_desc_tc,category,guide_id
3d-Skin-Layers,https://modrinth.com/mod/3dskinlayers,1.10.1,tr7zw,skinlayers3d-neoforge-1.10.1-mc1.21.1.jar,3D 皮膚圖層,https://cdn.modrinth.com/data/zV5r3pPn/ff7010d4ec0275609866c8b0f603b25e25949c08_96.webp,將玩家皮膚的第二層渲染為可立體顯示的 3D 圖層，提升角色外觀細節。,音效與視覺,
AE2 Import Export Card,https://www.curseforge.com/projects/982512,1.21.1-1.4.3,Ultramega,ae2importexportcard-1.21.1-1.4.3.jar,AE2 匯入匯出卡,,為 AE2 增加匯入/匯出卡等功能，方便在網路與機器/容器之間搬運物品。,科技,
AE2 JEI Integration,https://www.curseforge.com/projects/1074338,1.2.0,"Tamaized,mezz",ae2jeiintegration-1.2.0.jar,AE2 × JEI 整合,,改善 AE2 與 JEI 的配方/查詢整合，讓自動合成與配方瀏覽更順手。,兼容與整合,
AE2:Crafting Tree,https://www.curseforge.com/projects/1086241,1.21.1-1.1.1,Neuvillette,ae2ct-1.21.1-1.1.1.jar,AE2 合成樹,,提供 AE2 自動合成的「合成樹」視圖，快速追蹤材料需求與合成鏈。,科技,
AE2NetworkAnalyzer,https://www.curseforge.com/projects/961856,1.21-2.1.4-neoforge,GlodBlock,AE2NetworkAnalyzer-1.21-2.1.4-neoforge.jar,AE2 網路分析器,,新增 AE2 網路診斷工具，協助分析通道、耗用與網路結構問題。,工具與實用,
AE2WTLib,https://www.curseforge.com/projects/459929,19.3.0,"mari_023,Ridanisaurus",ae2wtlib-19.3.0.jar,AE2 無線終端庫,,AE2 無線終端所需的共用函式庫（WTLib），提供無線終端/配件的基礎功能。,前置庫與API,
AEInfinityBooster,https://www.curseforge.com/projects/559313,1.21.1-1.0.0.54,Hexeption,aeinfinitybooster-neoforge-1.21.1-1.0.0.54.jar,AE2 無限距離增幅器,https://cdn.modrinth.com/data/VQhDBNs8/icon.png,為 AE2 無線終端提供無限距離的增幅器升級，遠距也能連線使用。,科技,
AI-Improvements,https://www.curseforge.com/projects/233019,0.5.3,BuiltBrokenModding,AI-Improvements-1.21-0.5.3.jar,AI 行為改善,,最佳化與修正生物 AI 行為，降低卡頓並改善路徑尋找相關問題。,效能最佳化,
Accelerated Decay,https://www.curseforge.com/projects/699872,21.0.0,ErrorMikey,accelerated-decay-neoforge-21.0.0.jar,加速腐朽,https://cdn.modrinth.com/data/laX5CckD/f067053f21f651979c1f678548e1383374330b13_96.webp,加速落葉/植物等方塊的腐朽與消失，讓清理更快速。,效能最佳化,
Accessories,https://www.curseforge.com/projects/938917,1.1.0-beta.52+1.21.1,"Blodhgarm,chyzman,Dr.Zeal",accessories-neoforge-1.1.0-beta.52+1.21.1.jar,配飾系統,,新增可裝備的配飾欄位與配件系統，讓各式飾品/裝備更好整合。,前置庫與API,
Actually Additions,https://www.curseforge.com/projects/228404,1.3.24,Ellpeck,actuallyadditions-1.3.24+mc1.21.1.jar,其實有加東西,https://cdn.modrinth.com/data/4K7Q3nqd/0d81f45207ce6600f01f6e1068b206da64bf3f3a_96.webp,加入各式機器、資源與實用道具的科技向模組，內容豐富、進度友善。,科技,
Additional Lights,https://www.curseforge.com/projects/384991,2.1.10,mgen256,additional_lights-neoforge-1.21-2.1.10.jar,追加燈具,,新增多種可客製的燈具與光源方塊，用於裝飾與照明設計。,建築與裝飾,
Advanced AE,https://www.curseforge.com/projects/1084104,1.6.9-1.21.1,Pedroksl,AdvancedAE-1.6.9-1.21.1.jar,進階 AE,,擴充 AE2 的進階元件與功能，提供更強的自動化與網路玩法。,科技,
Akashic Tome,https://www.curseforge.com/projects/250577,1.8-29,"Vazkii,MoreThanHidden,Uraneptus",AkashicTome-1.8-29.jar,阿卡西之書,https://cdn.modrinth.com/data/JBthPdnp/f31b97209d7973f2975c9162d6bf20a2f8488837_96.webp,一本可收納並切換多種指南書的「萬用手冊」，節省背包空間。,工具與實用,21-akashic-tome
All The Arcanist Gear,https://www.curseforge.com/projects/1094032,1.21.1-21.3.2,Jarva,allthearcanistgear-1.21.1-21.3.2.jar,全套奧術師裝備,,為整合包加入奧術師主題裝備與相關配方，提供魔法向的裝備選擇。,魔法,
All The Leaks,https://www.curseforge.com/projects/1091339,1.1.6+1.21.1-neoforge,Uncandango,alltheleaks-1.1.6+1.21.1-neoforge.jar,全套記憶體漏失修補,,修補並緩解多種常見記憶體漏失問題，提升長時間遊玩的穩定性。,效能最佳化,
All The Mons,https://www.curseforge.com/projects/1361840,0.0.32,LobsterJonn,allthemons-0.0.32.jar,全套怪物,,整合包專用的怪物/生物相關內容擴充（可能包含配方或平衡調整）。,冒險與探索,
AllTheCompressed,https://www.curseforge.com/projects/514045,4.4.0,Pdiddy973,allthecompressed-1.21.1-4.4.0.jar,全套壓縮方塊,,提供大量「壓縮」版本的方塊/材料，方便大量儲存與搬運。,儲存與背包,
AllTheOres,https://www.curseforge.com/projects/405593,3.1.8,"thevortex,whatthedrunk,Satherov",alltheores-3.1.8_neoforge_1.21.1.jar,全套礦物,,新增與整合包相容的各式礦物與對應材料，擴充採礦與加工內容。,世界生成,
AllTheTweaks,https://www.curseforge.com/projects/364120,2.8.3,"thevortex,whatthedrunk",allthetweaks-1.21.1-2.8.3.jar,全套微調,,整合包用的各種小修正與平衡調整，改善遊玩手感與相容性。,兼容與整合,
Allthemodium,https://www.curseforge.com/projects/364466,3.0.0,"thevortex,whatthedrunk",allthemodium-3.0.0_mc_1.21.1.jar,全模礦,,加入 Allthemodium 等高階礦物/裝備，用於整合包的後期進度。,世界生成,
AlmostUnified,https://www.curseforge.com/projects/633823,1.21.1-1.3.0,Almost Reliable,almostunified-neoforge-1.21.1-1.3.0.jar,幾乎統一化,https://cdn.modrinth.com/data/sdaSaQEz/icon.png,統一各模組的礦物詞典/標籤輸出，減少重複材料並提升相容性。,兼容與整合,
Amendments,https://www.curseforge.com/projects/896746,1.21-2.0.15,"MehVahdJukaar,Plantkillable",amendments-1.21-2.0.15-neoforge.jar,修訂與補充,,為原版與常見方塊加入各種小改良與互動細節，提升沉浸感。,建築與裝飾,
Apotheosis,https://www.curseforge.com/projects/313970,8.4.2,Shadows_of_Fire,Apotheosis-1.21.1-8.4.2.jar,神化,,大型強化模組：附魔、刷怪籠、戰利品與裝備詞綴等全面擴充。,魔法,06-apotheosis
Apothic Attributes,https://www.curseforge.com/projects/898963,2.9.1,Shadows_of_Fire,ApothicAttributes-1.21.1-2.9.1.jar,神化屬性,,Apotheosis 的屬性系統模組，提供額外屬性、詞綴與平衡支援。,魔法,
Apothic Enchanting,https://www.curseforge.com/projects/1063926,1.5.1,Shadows_of_Fire,ApothicEnchanting-1.21.1-1.5.1.jar,神化附魔,,Apotheosis 的附魔擴充模組，強化附魔台與附魔機制。,魔法,
Apothic Spawners,https://www.curseforge.com/projects/986583,1.3.4,Shadows_of_Fire,ApothicSpawners-1.21.1-1.3.4.jar,神化刷怪籠,,Apotheosis 的刷怪籠擴充模組，新增升級與更多刷怪籠玩法。,魔法,
AppleSkin,https://www.curseforge.com/projects/248787,3.0.8+mc1.21,squeek,appleskin-neoforge-mc1.21-3.0.8.jar,蘋果皮飽食顯示,https://cdn.modrinth.com/data/EsAfCjCV/icon.png,在 HUD 顯示飽食度回復量與飢餓相關資訊，便於精準進食管理。,介面與HUD,
Applied Energistics 2,https://www.curseforge.com/projects/223794,19.2.17,Team AppliedEnergistics,appliedenergistics2-19.2.17.jar,應用能源學 2,https://cdn.modrinth.com/data/XxWD5pD3/60b001515abbf6ebf32bc2729b0ddd95d2793feb_96.webp,經典儲存與自動化模組：ME 網路、終端、通道、P2P、模式合成等。,科技,10-applied-energistics-2
Applied Mekanistics,https://www.curseforge.com/projects/574300,1.6.3,ramidzkh,Applied-Mekanistics-1.6.3.jar,應用機制整合,https://cdn.modrinth.com/data/IiATswDj/38b71a11019d607cd4dc129b4024ab5adbc2f8bd_96.webp,將 AE2 與 Mekanism 進行整合，提供跨模組的自動化與配方/機器支援。,兼容與整合,
AppliedFlux,https://www.curseforge.com/projects/965012,1.21-2.1.4-neoforge,GlodBlock,AppliedFlux-1.21-2.1.4-neoforge.jar,應用通量,,為 AE2 提供更好的能量（FE）/通量相關支援與整合功能。,科技,
Aquaculture 2,https://www.curseforge.com/projects/60028,2.7.18,"Shadowclaimer,Girafi",Aquaculture-1.21.1-2.7.18.jar,水產養殖 2,https://cdn.modrinth.com/data/Vl1uNAuy/87cba3f170e925af5e1f1af22c27dfc891409ae7.png,擴充釣魚與水產內容：新魚種、釣具、戰利品與相關玩法。,農業與料理,
Architectury,https://www.curseforge.com/projects/419699,13.0.8,shedaniel,architectury-13.0.8-neoforge.jar,建築架構庫,https://cdn.modrinth.com/data/lhGA9TYQ/05fe3a61c28faaccaec3533b92e1b321edde7bf6_96.webp,跨平台模組開發用的前置庫，提供共用 API 以支援 Fabric/Forge/NeoForge。,前置庫與API,
Ars Additions,https://www.curseforge.com/projects/974408,1.21.1-21.2.3,Jarva,ars_additions-1.21.1-21.2.3.jar,Ars 附加內容,https://cdn.modrinth.com/data/GYK6Gk8R/248e49588dd7e85e9ec8ca66fe4d23d832935af6.png,Ars Nouveau 的附加內容模組，加入更多法術、物品或機制擴充。,魔法,
Ars Controle,https://www.curseforge.com/projects/1061812,1.21.1-1.6.15,Qther,ars_controle-1.21.1-1.6.15.jar,Ars 控制術,https://cdn.modrinth.com/data/gL8ijqNQ/5c7977244c820f7c46728e3c63ffa7d40c453abd.png,為 Ars Nouveau 提供控制/輔助類擴充內容，強化法術與玩法整合。,魔法,
Ars Creo,https://www.curseforge.com/projects/575698,5.2.0,Bailey,ars_creo-1.21.1-5.2.0.jar,Ars 創造術,https://cdn.modrinth.com/data/fZ324GMc/31b96eea911803df8192de94e1f7d42b2ce3f8f3_96.webp,Ars Nouveau 與 Create 的整合模組，加入跨模組配方與互動。,兼容與整合,
Ars Elemancy,https://www.curseforge.com/projects/1153666,1.11,Lyrellion,ars_elemancy-1.21.1-1.11.jar,Ars 元素術擴充,,Ars Nouveau 的元素向擴充，加入更多元素相關能力與內容。,魔法,
Ars Elemental,https://www.curseforge.com/projects/561470,0.7.6.13,Alexthw,ars_elemental-1.21.1-0.7.6.13.jar,Ars 元素,,為 Ars Nouveau 新增元素法術與相關內容，擴充法術流派。,魔法,
Ars Nouveau,https://www.curseforge.com/projects/401955,5.11.1,Bailey Hollingsworth,ars_nouveau-1.21.1-5.11.1.jar,Ars 新魔法,https://cdn.modrinth.com/data/TKB6INcv/7ccd369857b70b16e0fbd3f10e5278b0f75c7772_96.webp,魔法模組：自訂法術、法術書、儀式、魔法裝置與自動化。,魔法,04-ars-nouveau
Ars Ocultas,https://www.curseforge.com/projects/907843,2.2.0,mystchonky,ars_ocultas-1.21.1-2.2.0.jar,Ars 祕術,https://cdn.modrinth.com/data/Tsw8vbks/dad06230ef967be584ec480ee0bb02b3a41699a4_96.webp,Ars Nouveau 的祕術向擴充內容，提供更多法術與道具選項。,魔法,
Ars Polymorphia,https://www.curseforge.com/projects/1197614,1.0.3,Qther,ars_polymorphia-1.0.3.jar,Ars 變形術,https://cdn.modrinth.com/data/11rOt9Bv/95a0d2225825b2ae6b51c3cc0326b0b42903bc5a.png,為 Ars Nouveau 增加變形/多形相關的擴充玩法。,魔法,
Ars Technica,https://www.curseforge.com/projects/1096161,2.6.1,zeroregard,ars_technica-1.21.1-2.6.1.jar,Ars 工藝術,,Ars Nouveau 的科技/工藝向擴充，加入更多工具與機制。,魔法,
Ars Unification,https://www.curseforge.com/projects/1165429,1.2.18,Qther,ars_unification-1.2.18.jar,Ars 統一化,https://cdn.modrinth.com/data/fRdwEsp6/85dad221c7c846ac65b3ac8034d4766c4e762582_96.webp,改善 Ars Nouveau 與其他模組的材料/配方統一與相容性。,兼容與整合,
Ars Énergistique,https://www.curseforge.com/projects/905641,2.1.1-beta,"90,dkmk100",arseng-2.1.1-beta.jar,Ars 能源學,https://cdn.modrinth.com/data/IJI3QuK8/d713529910f24c6d62410396dbd9b90709a36406.png,Ars Nouveau 與 AE2 的整合模組，加入魔法與 ME 網路互動內容。,兼容與整合,
Artifacts,https://www.curseforge.com/projects/312353,13.2.0,ochotonida,artifacts-neoforge-13.2.0.jar,遺物,https://cdn.modrinth.com/data/P0Mu4wcQ/icon.png,新增多種可探索獲得的飾品遺物，提供被動能力與收集目標。,冒險與探索,
Athena,https://www.curseforge.com/projects/841890,4.0.2,ThatGravyBoat,athena-neoforge-1.21-4.0.2.jar,雅典娜核心庫,https://cdn.modrinth.com/data/b1ZV3DIJ/3dec7dd828894a4c5c6d98eaf960e9a418647b55_96.webp,ThatGravyBoat 系列模組使用的前置庫，提供共用渲染/介面等基礎功能。,前置庫與API,
AttributeFix,https://www.curseforge.com/projects/280510,21.1.3,Darkhax,attributefix-neoforge-1.21.1-21.1.3.jar,屬性修正,https://cdn.modrinth.com/data/lOOpEntO/68a2de475417c87817e11f49beaa903e4774ca20_96.webp,修正原版屬性上限/溢出等問題，避免生命值與攻擊等屬性異常。,工具與實用,
Bad Wither No Cookie Reloaded,https://www.curseforge.com/projects/261251,3.20.3,"Kreezxil,Eleksploded",bwncr-neoforge-1.21.1-3.20.3.jar,凋零怪不再搶餅乾,,改善凋零怪行為與戰鬥體驗，避免惱人機制並做出修正。,工具與實用,
Balm,https://www.curseforge.com/projects/531761,21.0.56,BlayTheNinth,balm-neoforge-1.21.1-21.0.56.jar,Balm 基礎庫,https://cdn.modrinth.com/data/MBAkmtvl/285b7bcfd6e525c043e640b08f3efc0cde90f7dd_96.webp,BlayTheNinth 的前置庫，為多個模組提供共用工具與 API。,前置庫與API,
Baubley Heart Canisters,https://www.curseforge.com/projects/282947,1.21.1-1.3.1,Traverse_Joe,baubley-heart-canisters-1.21.1-1.3.1.jar,巴布利心之罐,https://cdn.modrinth.com/data/fPdy2fCM/6c97109810cecbba58f6e2e81bb785d32a54f433_96.webp,加入可提升生命上限的心之罐/容器等道具，偏向飾品式增益。,冒險與探索,
Berry Pouch,https://www.curseforge.com/projects/1246510,0.5.3-beta,"Flandre,Andromeda,Thirace,kim",berrypouch-neoforge-1.21.1-0.5.3-beta.jar,莓果收納袋,,新增可專門收納各類莓果與小型素材的袋子，方便外出採集與整理。,儲存與背包,
Better Advancements,https://www.curseforge.com/projects/272515,0.4.3.21,way2muchnoise,BetterAdvancements-NeoForge-1.21.1-0.4.3.21.jar,更好的進度介面,https://cdn.modrinth.com/data/Q2OqKxDG/b1519a191e62135647f66394d526d179ab5b598d.png,改良進度（成就）介面，提供更清晰的分類與瀏覽體驗。,介面與HUD,
Better Compatibility Checker,https://www.curseforge.com/projects/551894,21.1.8,Gaz(Gaz492),better-compatability-checker-neoforge-21.1.8.jar,相容性檢查器,https://cdn.modrinth.com/data/KJhXPbHQ/bac6efc73281fab7a07ddca978800a5e9172b529.png,在載入時檢查常見的模組相容性問題並提供提示，減少崩潰與衝突。,兼容與整合,
Blue Flame Burning,https://www.curseforge.com/projects/656551,1.21.1-1.1.1,LobsterJonn,blueflame-1.21.1-1.1.1.jar,藍焰燃燒,https://cdn.modrinth.com/data/8k7QiW7U/55c1040f45d766de1713c85ac5fb543b253d62ce_96.webp,加入藍色火焰/燃燒效果與相關視覺表現，讓火焰呈現更有層次。,音效與視覺,
Bookshelf,https://www.curseforge.com/projects/228525,21.1.80,Darkhax,bookshelf-neoforge-1.21.1-21.1.80.jar,書架核心庫,https://cdn.modrinth.com/data/uy4Cnpcm/002e73d916fb63c9c85e212ac47fde4ef9c4a65f.png,多項模組共用的前置函式庫，提供設定、事件與通用工具功能。,前置庫與API,
BotanyPots,https://www.curseforge.com/projects/353928,21.1.41,Darkhax,botanypots-neoforge-1.21.1-21.1.41.jar,盆栽農藝盆,,加入可自動種植與收成的盆栽系統，讓農作物與樹苗培育更省事。,農業與料理,
BotanyPots-Mystical,https://www.curseforge.com/projects/1329409,21.1.11,Darkhax,botanypotsmystical-neoforge-1.21.1-21.1.11.jar,農藝盆：神秘農業支援,,為農藝盆加入神秘農業作物的支援與對應配方，方便自動化種植。,兼容與整合,
BotanyTrees,https://www.curseforge.com/projects/411357,21.1.3,Darkhax,botanytrees-neoforge-1.21.1-21.1.3.jar,盆栽樹木,,為農藝盆加入樹木種植與產物設定，讓樹木資源也能盆栽化生產。,農業與料理,
Brandon's Core,https://www.curseforge.com/projects/231382,3.2.1.309,brandon3055,BrandonsCore-1.21.1-3.2.1.309.jar,布蘭登核心庫,,Brandon3055 系列模組的前置核心庫，提供能量、資料與通用系統支援。,前置庫與API,
Bridging Mod,https://www.curseforge.com/projects/533942,2.6.2+1.21.1,CG360,BridgingMod-2.6.2+1.21.1.neoforge-release.jar,搭橋輔助,https://cdn.modrinth.com/data/lO3s8hjs/1796c63ace243a670a9a9e4a40265aaf3773b2c9_96.webp,提供搭橋/架設平台的實用功能或工具，讓建築與跨越地形更順手。,工具與實用,
Building Gadgets 2,https://www.curseforge.com/projects/298187,1.3.9,Direwolf20,buildinggadgets2-1.3.9.jar,建築小工具 2,,加入多種建築用工具，可快速複製、填充、拆除或規劃方塊結構。,工具與實用,
Caelus API,https://www.curseforge.com/projects/308989,7.0.1+1.21.1,Illusive Soulworks,caelus-neoforge-7.0.1+1.21.1.jar,凱勒斯 API,https://cdn.modrinth.com/data/40FYwb4z/ae837cab4b8a4d17989b2462bfcd62e8c0451a0f.png,提供飛行/滑翔等移動能力相關的共用 API，供其他模組依賴。,前置庫與API,
Camol,https://www.curseforge.com/projects/1214396,1.21.1-0.3.0,LobsterJonn,camol-1.21.1-0.3.0.jar,偽裝模組,,加入可用於偽裝/變色或隱匿效果的內容，偏向整合包自訂的小型模組。,其他,
Charging Gadgets,https://www.curseforge.com/projects/399757,1.14.1,"Direwolf20,ErrorMikey",charginggadgets-1.14.1.jar,充電小工具,,新增可攜式充電與能量管理裝置，方便為工具與裝備補充能量。,科技,
Chipped,https://www.curseforge.com/projects/456956,4.0.2,"Alex Nijjar,Grimbop,Kekie6,ThatGravyBoat",chipped-neoforge-1.21.1-4.0.2.jar,切削裝飾,https://cdn.modrinth.com/data/BAscRYKm/4faa514b4824672a0877d026bcd5a94bc8aad985_96.webp,提供大量方塊的裝飾變體與加工方式，讓建築細節更豐富。,建築與裝飾,
Chisel Reborn,https://www.curseforge.com/projects/551763,2.0.0+mc1.21.1,,chisel-neoforge-2.0.0+mc1.21.1.jar,雕鑿重生,https://cdn.modrinth.com/data/4KWv7wbN/icon.png,以雕鑿系統為方塊提供多種紋理與造型變體，強化建築裝飾選擇。,建築與裝飾,
Chroma Carvings,https://www.curseforge.com/projects/1283857,1.21.1-0.2.0,LobsterJonn,chromacarvings-1.21.1-0.2.0.jar,彩色雕紋,,新增可染色/變化的雕紋裝飾方塊，方便製作彩色建築細節。,建築與裝飾,
Clean Swing,https://www.curseforge.com/projects/915308,1.9,Raycoms,cleanswing-1.9.jar,乾淨揮擊,,調整揮擊動畫或特效顯示，讓戰鬥視覺更清爽不遮擋。,音效與視覺,
Cloth Config v15 API,https://www.curseforge.com/projects/348521,15.0.140,shedaniel,cloth-config-15.0.140-neoforge.jar,Cloth 設定 API,,常用的設定介面前置庫，提供模組設定畫面與配置讀寫功能。,前置庫與API,
Cloud Glass,https://www.curseforge.com/projects/1157074,1.0.1,Mrbysco,CloudGlass-1.21.1-1.0.1.jar,雲朵玻璃,https://cdn.modrinth.com/data/6SJ1bO6n/a41b1362c644518022222fa03c293105d1c9f6ac_96.webp,加入更清透或帶有雲霧風格的玻璃方塊與變體，提升建築質感。,建築與裝飾,
Clumps,https://www.curseforge.com/projects/256717,19.0.0.1,Jared,Clumps-neoforge-1.21.1-19.0.0.1.jar,經驗球聚合,https://cdn.modrinth.com/data/Wnxd13zP/6a965bb7974c3e759a53a1c89c35de4acd4cf86a_96.webp,將大量經驗球合併以減少實體數量，降低卡頓並改善效能。,效能最佳化,
Cobblegen Galore,https://www.curseforge.com/projects/1108467,1.21.1-0.2.8,LobsterJonn,cobblegengalore-1.21.1-0.2.8.jar,圓石機大全,,新增多種圓石生成器/變體產出，方便用紅石或自動化取得各式石材。,紅石與物流,
Cobbleloots: Loot Balls and More!,https://www.curseforge.com/projects/1037611,2.1.0,RipioDev,cobbleloots-neoforge-2.1.0.jar,寶可掉落球,https://cdn.modrinth.com/data/kcudYghD/bf7fae89904247fa466b284935f5c3820c030645_96.webp,為方塊寶可夢加入戰利品球等掉落機制與相關內容，讓探索獎勵更豐富。,冒險與探索,
Cobblemon,https://www.curseforge.com/projects/687131,1.7.3+1.21.1,The Cobblemon Team,Cobblemon-neoforge-1.7.3+1.21.1.jar,方塊寶可夢,https://cdn.modrinth.com/data/MdwFAVRL/abfca1654a2d09bab85cbffcc9869938c951ee0e_96.webp,將寶可夢玩法帶入 Minecraft，包含捕捉、對戰、培育與探索等系統。,冒險與探索,01-cobblemon
Cobblemon Battle Extras,https://www.curseforge.com/projects/1396525,1.7.26,Raguto & Yemagh,cobblemon-battle-extras-neoforge-1.7.26.jar,寶可夢對戰擴充,https://cdn.modrinth.com/data/2iY8VFqL/86400caba3b76df705971a9bbc8328169231ff50_96.webp,為方塊寶可夢加入額外的對戰功能與品質改良，提升對戰體驗。,冒險與探索,
Cobblemon Fight or Flight,https://www.curseforge.com/projects/1168140,0.10.6,"rufia,LyquidQrystal",fightorflight-neoforge-0.10.6.jar,寶可夢戰或逃,,為方塊寶可夢加入更貼近原作的遭遇互動（戰鬥或逃跑）與流程調整。,冒險與探索,
Cobblemon Raid Dens,https://www.curseforge.com/projects/1349231,0.6.5+1.21.1,NecroSo1,cobblemonraiddens-neoforge-0.6.5+1.21.1.jar,寶可夢團體巢穴,https://cdn.modrinth.com/data/GebWh45l/5b10c72afcadd5db4031c6b87fe86ccc9309f756_96.webp,加入團體戰巢穴/據點等內容，提供多人合作挑戰與獎勵來源。,冒險與探索,
Cobblemon Utility+,https://www.curseforge.com/projects/1205589,1.7.2,brendon3,Cobblemon-Utility+-neoforge-1.7.2.jar,寶可夢實用功能增強,,補強方塊寶可夢的各種實用功能與設定選項，讓伺服器與遊玩更方便。,工具與實用,
Cobblemon: Extra Structures,https://www.curseforge.com/projects/1202622,1.21.1-1.2.0,Roi Pasteque,cobblemonextrastructures-1.21.1-1.2.0-neoforge.jar,寶可夢額外結構,https://cdn.modrinth.com/data/IkJ2gbjT/796009635787202495b38dcc18a8b9517f4b6efb_96.webp,在世界中加入更多與方塊寶可夢相關的自然生成結構，增加探索內容。,世界生成,
Cobblemon:Mega Showdown,https://www.curseforge.com/projects/1189523,1.6.8+1.7.3+1.21.1,Yajat Kaul,mega_showdown-neoforge-1.6.8+1.7.3+1.21.1.jar,寶可夢超級進化對決,,加入超級進化等強化對戰內容與相關機制，讓後期對戰更有挑戰。,冒險與探索,
Cobblenav,https://www.curseforge.com/projects/976014,2.2.5,gatekeep,cobblenav-neoforge-2.2.5.jar,寶可夢導航,,提供導航/路徑或定位輔助功能，幫助追蹤寶可夢與目標位置。,工具與實用,
Cobblepedia,https://www.curseforge.com/projects/850946,0.7.0,VinnyStalck,Cobblepedia-NeoForge-0.7.1.jar,寶可百科,,提供方塊寶可夢的百科/圖鑑介面，方便查詢資訊、掉落與生態。,介面與HUD,
Cobbleworkers,https://www.curseforge.com/projects/1296055,1.7.0+1.7.0,Accieo,cobbleworkers-neoforge-1.7.0+1.7.0.jar,寶可工作者,https://cdn.modrinth.com/data/i3XVG2gn/4e9a562ddae06a682f7c58de5630beda3a3bdfde.png,加入能協助處理寶可夢相關事務的 NPC/工作系統，提升基地經營便利性。,冒險與探索,
Cobweb,https://www.curseforge.com/projects/968456,1.4.0,"Crystal Spider,Moonstone Webber,Noir",cobweb-neoforge-1.21-1.4.0.jar,蛛網核心庫,https://cdn.modrinth.com/data/dQcfqGbl/efabe366d357324b430892f41a6239e3d4fe9271_96.webp,部分模組所需的共用前置庫，提供網路/資料或通用工具功能支援。,前置庫與API,
CodeChicken Lib,https://www.curseforge.com/projects/242818,4.6.1.526,"ChickenBones,covers1624",CodeChickenLib-1.21.1-4.6.1.526.jar,雞骨頭函式庫,https://cdn.modrinth.com/data/2gq0ALnz/bd9432524341db1b71b3d0a64d92383ba90d2725_96.webp,經典模組前置庫，提供渲染、網路與通用工具，供多款模組依賴。,前置庫與API,
Colorful Hearts,https://www.curseforge.com/projects/854213,10.5.9,Terrails,colorfulhearts-neoforge-1.21.1-10.5.9.jar,彩色愛心,https://cdn.modrinth.com/data/wQfMUdZT/2f9f0ab9d03f7fa24d817942278f0f1fb0658006.png,將生命值顯示改為多色愛心樣式，並可依狀態/生命上限呈現不同外觀。,介面與HUD,
Colorwheel,https://www.curseforge.com/projects/1254143,1.2.1+mc1.21.1,djefrey,colorwheel-neoforge-1.2.1+mc1.21.1.jar,色輪,https://cdn.modrinth.com/data/BzHgFoGz/a2808297ead0419d38d9ec23c5c1e594bc757eed_96.webp,提供顏色選擇與色彩工具/元件，供相關模組使用或作為前置。,前置庫與API,
Colorwheel Patcher,https://www.curseforge.com/projects/1285475,1.0.4+mc1.21.1,djefrey,colorwheel_patcher-neoforge-1.0.4+mc1.21.1.jar,色輪修補,https://cdn.modrinth.com/data/KPsw5jDu/e572663313f66081a2f98121468b8b1cf555f2ab_96.webp,修補或相容性調整色輪相關元件，確保顏色系統在各環境下正常運作。,兼容與整合,
Comforts,https://www.curseforge.com/projects/276951,9.0.5+1.21.1,Illusive Soulworks,comforts-neoforge-9.0.5+1.21.1.jar,舒適用品,https://cdn.modrinth.com/data/SaCpeal4/ed4840f0c9a30e04ad88413bd82cd762dd6ec95d.png,加入睡袋、吊床等可攜式休息用品，提升冒險途中的睡眠與重生便利性。,冒險與探索,
CommonCapabilities,https://www.curseforge.com/projects/247007,2.11.3,rubensworks (aka kroeser),commoncapabilities-1.21.1-neoforge-2.11.3.jar,通用能力庫,,提供共通能力介面（Capabilities）的前置庫，供多個科技/物流模組依賴。,前置庫與API,
Compact Machines,https://www.curseforge.com/projects/224218,7.0.80,"Davenonymous,RobotGryphon",compactmachines-neoforge-7.0.80.jar,袖珍機械,,提供可進入的「機械方塊空間」作為小型基地，用於集中機器與自動化。,科技,
Connected Glass,https://www.curseforge.com/projects/383129,1.1.14,SuperMartijn642,connectedglass-1.1.14-neoforge-mc1.21.jar,連接玻璃,https://cdn.modrinth.com/data/DghO0R02/icon.png,讓玻璃等方塊呈現連接紋理效果，提升建築外觀的一體感。,建築與裝飾,
ConnectedTexturesMod,https://www.curseforge.com/projects/267602,1.21-1.2.1+3,"tterrag,Drullkus,minecreatr",CTM-1.21-1.2.1+3.jar,連接紋理模組,,提供連接紋理（CTM）功能與框架，讓多種方塊能自動拼接邊框與貼圖。,音效與視覺,
Connectivity Mod,https://www.curseforge.com/projects/470193,7.6,Someaddon,connectivity-1.21.1-7.6.jar,連線穩定化,,改善多人連線穩定性與超時問題，降低斷線並提升伺服器連線體驗。,伺服器管理,
Construction Sticks,https://www.curseforge.com/projects/1156098,1.2.3,"Mrbysco,ShyNieke",ConstructionSticks-1.21.1-1.2.3.jar,建築棒,https://cdn.modrinth.com/data/ooyjDLZt/b39b29217caaedb6364d4d0670dfdefe83fd73ff_96.webp,提供可快速延伸放置方塊的建築工具，輕鬆鋪路、搭橋與堆疊結構。,工具與實用,
Cooking for Blockheads,https://www.curseforge.com/projects/231484,21.1.17,BlayTheNinth,cookingforblockheads-neoforge-1.21.1-21.1.17.jar,傻瓜料理,https://cdn.modrinth.com/data/vJnhuDde/bd6cc76ded410cd33c82312c07f1d4c340056ab9_96.webp,加入廚房工作台與料理多方塊系統，整合食材儲存與配方製作流程。,農業與料理,
CosmeticArmorReworked,https://www.curseforge.com/projects/237307,1.21.1-v1-neoforge,zlainsama,cosmeticarmorreworked-1.21.1-v1-neoforge.jar,外觀護甲重製,,新增外觀護甲欄位，可在不影響屬性的情況下切換裝備外觀。,介面與HUD,
Crafting On A Stick,https://www.curseforge.com/projects/577850,1.21.0.4,OfekN,crafting_on_a_stick-1.21.0.4.jar,手持合成棒,https://cdn.modrinth.com/data/Tg5fXO1x/463b570c75b0f7568cd8a53a2ec6fb898addbb32.png,提供可隨身開啟合成格的道具，外出時也能快速合成。,工具與實用,
Crafting Tweaks,https://www.curseforge.com/projects/233071,21.1.7,BlayTheNinth,craftingtweaks-neoforge-1.21.1-21.1.7.jar,合成調整,https://cdn.modrinth.com/data/y4LuSXgJ/23cc3dd888a4a987b8fd8b9f123ba88a57f4df74.webp,在合成台加入快速整理、旋轉、平衡分配等功能，讓合成更有效率。,介面與HUD,
Crash Assistant,https://www.curseforge.com/projects/1154099,1.10.28,KostromDan,CrashAssistant-neoforge-1.20.6-1.21.4-1.10.28.jar,崩潰助手,https://cdn.modrinth.com/data/ix1qq8Ux/0850872f4de156ee91a8b1d1f71615cb4615bfa4_96.webp,在發生崩潰時提供更友善的提示與診斷資訊，協助快速定位問題。,工具與實用,
Crash Utilities,https://www.curseforge.com/projects/371813,9.0.4,Darkere,crashutilities-9.0.4.jar,崩潰工具集,,提供崩潰/除錯用的實用功能，協助產生更完整的錯誤資訊以便排除問題。,工具與實用,
Create,https://www.curseforge.com/projects/328085,6.0.9,simibubi,create-1.21.1-6.0.9.jar,動力工坊,https://cdn.modrinth.com/data/LNytGWDc/61d716699bcf1ec42ed4926a9e1c7311be6087e2_96.webp,以齒輪與軸承等動力系統為核心的自動化與機械建造模組，能打造各式裝置與產線。,科技,03-create
Create Aquatic Ambitions,https://www.curseforge.com/projects/1005676,2.0.2,Davi Oliva,create_aquatic_ambitions-1.21.1-2.0.2.jar,動力工坊：深海野心,https://cdn.modrinth.com/data/9SyaPzp7/b318e5ad3c220de079df83cf7cc287fe1a41827f_96.webp,為動力工坊加入更多水域/海洋主題的機械與內容，擴充水下自動化玩法。,科技,
Create Cobblemon Balls Overhaul,https://www.curseforge.com/projects/1255522,0.0.4,xKcinnay,createcobblemonballsoverhaul-0.0.4.jar,動力工坊：精靈球改造,https://cdn.modrinth.com/data/aXSKKweV/3024cc8c3e652be163e6fbbffff5aa059b09eb5d_96.webp,將動力工坊與方塊寶可夢結合，加入可用機械流程製作/改造精靈球等相關內容。,兼容與整合,
Create Crafts & Additions,https://www.curseforge.com/projects/439890,1.5.10,MRH0,createaddition-1.5.10.jar,動力工坊：工藝與擴充,https://cdn.modrinth.com/data/kU1G12Nn/d8d1ec226747a800ba175f70ad00a80f37047cb6_96.webp,為動力工坊加入更多機械零件與擴充內容（如動力/能源相關部件），強化自動化路線。,科技,
Create Hypertube,https://www.curseforge.com/projects/1281336,0.3.0,Rok,create_hypertube-0.3.0-NEOFORGE.jar,動力工坊：高速管道,https://cdn.modrinth.com/data/ATDdrG1y/622fba3a3de39a3e9cfc09fdb0c3c94132ae0fd8_96.webp,加入可用於運輸玩家或物品的高速管道系統，讓基地移動與物流更便利。,科技,
Create: Bells & Whistles,https://www.curseforge.com/projects/905040,0.4.7-1.21.1,lev,bellsandwhistles-0.4.7-1.21.1.jar,動力工坊：鈴鐺與哨音,https://cdn.modrinth.com/data/gJ5afkVv/56ec1e3caca241855a19b65ad391aa20a79259f5_96.webp,為動力工坊加入更多裝飾與互動細節（如列車/機械的視覺與音效強化），提升質感。,建築與裝飾,
Create: Dragons Plus,https://www.curseforge.com/projects/1216624,1.8.6,DragonsPlus,create-dragons-plus-1.8.6.jar,動力工坊：龍之擴充,https://cdn.modrinth.com/data/dzb1a5WV/b31b508ca740a1f8eadc18c753190f2605cb6651_96.webp,為動力工坊加入額外機械/內容擴充，提供更多建造與自動化選項。,科技,
Create: Enchantment Industry,https://www.curseforge.com/projects/688768,2.2.5b,DragonsPlus,create-enchantment-industry-2.2.5b.jar,動力工坊：附魔工業,https://cdn.modrinth.com/data/JWGBpFUP/9571cd419c5eee9f2017f0b6f7cf6e81c665723b_96.webp,讓附魔相關流程更容易自動化，加入與動力工坊互動的附魔處理機械與配方。,科技,
Creeper Overhaul,https://www.curseforge.com/projects/561625,4.0.6,"Artist/Creator - Joosh, Dev - ThatGravyBoat",CreeperOverhaul-neoforge-1.21.1-4.0.6.jar,苦力怕大改造,https://cdn.modrinth.com/data/MI1LWe93/d42fb7a69f1e7a86584fa1ed43520af98acec065.png,新增多種地形/生態系對應的苦力怕變種與行為，讓遭遇更豐富。,生物與AI,
Cristel Lib,https://www.curseforge.com/projects/856996,3.0.2.1,Cristelknight,cristellib-neoforge-1.21.1-3.0.2.1.jar,Cristel 函式庫,https://cdn.modrinth.com/data/cl223EMc/22b1072af55724911840b93a30cf8d3b3fc514bf_96.webp,多個模組共用的前置函式庫，提供通用工具與程式支援。,前置庫與API,
Cryonic Config,https://www.curseforge.com/projects/1208896,1.0.0+mc1.21.11,Slainlight,cryonicconfig-neoforge-1.0.0+mc1.21.11.jar,Cryonic 設定庫,https://cdn.modrinth.com/data/oEhQIkOs/8f60f42787aa349d25279bf86be7eeeef0237840_96.webp,提供模組設定/配置讀寫的共用函式庫，供其他模組依賴。,前置庫與API,
Crystalix,https://www.curseforge.com/projects/1187033,2.4.0,Satherov,crystalix-2.4.0.jar,水晶工藝,https://cdn.modrinth.com/data/tnxhDX6A/99b3517aecae9b6d15bcedbdff6c46a759ab3aac_96.webp,加入各式水晶/礦石相關素材與用途，提供更多裝飾與製作選擇。,建築與裝飾,
Cucumber Library,https://www.curseforge.com/projects/272335,8.0.15,BlakeBr0,Cucumber-1.21.1-8.0.15.jar,Cucumber 函式庫,https://cdn.modrinth.com/data/Rw1NrDzF/5e40444e9a7f1ddd64112b134b7abd833d30ee7d_96.webp,Mystical Agriculture 等模組常用的前置函式庫，提供通用資料與工具。,前置庫與API,
Cupboard mod,https://www.curseforge.com/projects/326652,2.9,Someaddon,cupboard-1.21-2.9.jar,Cupboard 函式庫,,Someaddon 系列常用的前置/工具函式庫，為其他模組提供共用功能支援。,前置庫與API,
Curios API,https://www.curseforge.com/projects/309927,9.5.1+1.21.1,C4,curios-neoforge-9.5.1+1.21.1.jar,飾品欄位 API,https://cdn.modrinth.com/data/vvuO3ImH/2a7323ca80849de0bcb50299e18acdf8bf394682.png,提供可裝備飾品的額外欄位與擴充 API，讓多種模組共用飾品系統。,前置庫與API,
Cyclops Core,https://www.curseforge.com/projects/232758,1.28.0,rubensworks (aka kroeser),cyclopscore-1.21.1-neoforge-1.28.0.jar,Cyclops 核心庫,https://cdn.modrinth.com/data/Z9DM0LJ4/icon.png,Cyclops/Integrated 系列模組的前置核心庫，提供通用系統與工具。,前置庫與API,
Dark Mode Everywhere,https://www.curseforge.com/projects/574123,1.21-1.3.5,Buuz135,darkmodeeverywhere-1.21-1.3.5.jar,全域深色模式,https://cdn.modrinth.com/data/k3lrwGqk/48a6842619c6c71414e1caa4917fc77a63cff7aa_96.webp,將多處介面改為深色主題，減少亮度刺眼並改善閱讀體驗。,介面與HUD,
Deeper and Darker,https://www.curseforge.com/projects/659011,1.3.5,Kyanite Team,deeperdarker-neoforge-1.21.1-1.3.5.jar,更深更暗,https://cdn.modrinth.com/data/fnAffV0n/be8023f374038c6bd8a52a0e5b2cbc4eb1a37746_96.webp,加入深淵主題的新維度、結構與怪物等探索內容，延伸幽匿/遠古城市風格玩法。,冒險與探索,
Default Options,https://www.curseforge.com/projects/232131,21.1.5,BlayTheNinth,defaultoptions-neoforge-1.21.1-21.1.5.jar,預設選項,https://cdn.modrinth.com/data/WEg59z5b/ce5654a0aaa534f6a7c203870c67d09c4b80aedb_96.webp,可預先設定並套用遊戲/模組的預設選項，方便整合包或多周目快速配置。,工具與實用,
Deimos,https://www.curseforge.com/projects/1158094,2.5,Mars,deimos-1.21.1-neoforge-2.5.jar,戴摩斯,https://cdn.modrinth.com/data/WQaxNzFg/f54a7b23ca8b8a846ac0aa1e6e67b6d410dd7ba5_96.webp,提供特定系統/內容的擴充與調整（多用於整合包），用來輔助遊玩或平衡。,其他,
DimStorage,https://www.curseforge.com/projects/353882,9.1.1,Edivad99,DimStorage-1.21.1-9.1.1.jar,次元儲存,https://cdn.modrinth.com/data/8lnmIJH7/a373160a92c70a98c6ce241ed7b7e8398750bfd4.png,提供跨維度的儲存方案與容器，讓物品管理更集中、取用更方便。,儲存與背包,
Dis-Enchanting Table,https://www.curseforge.com/projects/933354,5.0.2,"Lupin, Jason13",disenchanting_table-merged-1.21.1-5.0.2.jar,去附魔台,https://cdn.modrinth.com/data/9BgYgXE4/27f2f5bbbb37a9e517b1d8beefba4d4dad95b0b2_96.webp,加入可移除或分離附魔的工作台，讓附魔書與裝備整理更彈性。,工具與實用,
Draconic Evolution,https://www.curseforge.com/projects/223565,3.1.4.630,brandon3055,Draconic-Evolution-1.21.1-3.1.4.630.jar,龍之進化,https://cdn.modrinth.com/data/nBqivi8H/990a99155e8617963e69735623f3e179fc6b8753_96.webp,高階科技向模組，提供強力裝備、能量系統與末期機械，適合追求極限成長。,科技,09-draconic-evolution
Drippy Loading Screen,https://www.curseforge.com/projects/511770,3.1.0,Keksuccino,drippyloadingscreen_neoforge_3.1.0_MC_1.21.1.jar,滴落載入畫面,https://cdn.modrinth.com/data/v3CYg2V9/b36736dc0a70aaa930c79cf3988a4b420b627399_96.webp,美化載入畫面並提供更順眼的載入動畫/資訊顯示，提升開局體驗。,音效與視覺,
Dyenamics,https://www.curseforge.com/projects/509276,1.21.1-3.4.2,"LobsterJonn, Hekera, Reda, Cait",dyenamics-1.21.1-3.4.2.jar,動態染料,,擴充染料/顏色相關方塊與變體，讓建築配色更豐富。,建築與裝飾,
Dyenamics and Friends,https://www.curseforge.com/projects/709617,1.21.1-2.2.2,LobsterJonn,dyenamicsandfriends-1.21.1-2.2.2.jar,動態染料與夥伴,https://cdn.modrinth.com/data/5SMDy8RU/10ee4bdc6328a95aad284d733039c799823b550e_96.webp,為動態染料加入更多相容/擴充內容，提供額外顏色與方塊支援。,兼容與整合,
Easy Villagers,https://www.curseforge.com/projects/400514,1.21.1-1.1.41,Max Henkel,easy-villagers-neoforge-1.21.1-1.1.41.jar,簡易村民,https://cdn.modrinth.com/data/Kaov2qgi/ceb583c0f27eaca42f6dfbe79ddec5e6142f1766_96.webp,以方塊化機器簡化村民繁殖、交易與工作站管理，方便基地自動化與整理。,工具與實用,15-easy-villagers
EdivadLib,https://www.curseforge.com/projects/638508,3.0.0,Edivad99,EdivadLib-1.21-3.0.0.jar,Edivad 函式庫,https://cdn.modrinth.com/data/a8Jk9kpK/6ba944dfa04dec4bb485ae9282f0757e230f38c9_96.webp,Edivad 系列模組的前置函式庫，提供共用工具與資料結構。,前置庫與API,
ElevatorMod,https://www.curseforge.com/projects/250832,1.21.1-1.11.4,VsnGamer,elevatorid-neoforge-1.21.1-1.11.4.jar,電梯方塊,https://cdn.modrinth.com/data/hi2dSXTu/8ed4be9e8cbef13f333a0c285468379824a83b5e_96.webp,加入可快速上下移動的電梯方塊，讓多層建築移動更便利。,工具與實用,
EnchantmentDescriptions,https://www.curseforge.com/projects/250419,21.1.9,Darkhax,enchdesc-neoforge-1.21.1-21.1.9.jar,附魔說明,,在附魔介面與提示中顯示更完整的附魔效果說明，方便理解與比較。,介面與HUD,
Ender IO,https://www.curseforge.com/projects/64578,8.1.1-beta,"CrazyPants, tterrag, HenryLoenwind, MatthiasM, CyanideX, EpicSquid, Rover656, HypherionSA, liliandev, Ferri_Arnus, dphaldes",enderio-8.1.1-beta.jar,終界工業,https://cdn.modrinth.com/data/49ZofO4f/b2030ea8c59bccd592dfff537987c8d4a4d43dec.png,以管線與機器為核心的科技模組，提供物品/流體/能量傳輸與多種加工設備。,科技,29-ender-io
EnderDrives,https://www.curseforge.com/projects/1226739,1.4.4,STS15,enderdrives-neoforge-1.21.1-1.4.4.jar,終界硬碟,https://cdn.modrinth.com/data/MCTBnpUz/909054a9a08d42c0ce0e8050c402af65c5574a1c_96.webp,加入以終界風格為主的儲存/磁碟系統擴充，提供額外的物品儲存選項。,儲存與背包,
EnderStorage,https://www.curseforge.com/projects/245174,2.13.0.191,"ChickenBones, covers1624",EnderStorage-1.21.1-2.13.0.191.jar,終界儲存,https://cdn.modrinth.com/data/WIOvAESj/b507b54f4a417673c4b44654fa2f7a1c96610dd5_96.webp,提供跨維度共享的終界箱與終界儲罐等容器，方便多人或多地點同步存取。,儲存與背包,
Enderman Overhaul,https://www.curseforge.com/projects/574409,2.0.2,"Alex Nijjar, Joosh",endermanoverhaul-neoforge-1.21.1-2.0.2.jar,終界使者大改造,https://cdn.modrinth.com/data/Lq6ojcWv/bd2b1e2cc0a730dbefcb1604638e34b9bed21d85.png,新增多種地形對應的終界使者變種與行為，讓世界生物更有特色。,生物與AI,
Epitaphs,https://www.curseforge.com/projects/1325482,1.0.13,Satherov,epitaphs-1.0.13_neoforge_1.21.1.jar,墓誌銘,,加入死亡掉落保護/墓碑系統與相關功能，方便找回物品並減少挫折。,工具與實用,
Eternal Starlight,https://www.curseforge.com/projects/1080592,0.6.4+1.21.1+neoforge,LeoLezury,eternalstarlight-0.6.4+1.21.1+neoforge.jar,永恆星光,https://cdn.modrinth.com/data/XvcfUGfB/5a6a42b35cfffa7351ad2319c588b65bf0d44bb5_96.webp,加入全新的星光主題維度與生態、結構與裝備等內容，提供大型探索與冒險體驗。,冒險與探索,
Euphoria Patcher,https://www.curseforge.com/projects/915902,1.8.2-r5.7.1-neoforge,SpacEagle17,EuphoriaPatcher-1.8.2-r5.7.1-neoforge.jar,極樂補丁,,為光影/渲染相關功能提供修補與相容性改良，減少視覺問題並提升穩定性。,音效與視覺,
Everything is Copper,https://www.curseforge.com/projects/579545,1.21.1-2.4.5,LobsterJonn,everythingcopper-1.21.1-2.4.5.jar,萬物皆銅,https://cdn.modrinth.com/data/73MCa9Po/1720c6652afd223fcbf12f02a465e2ddebec2847_96.webp,為多種方塊/物品加入銅質變體與相關配方，擴充建築與材料選擇。,建築與裝飾,
Expanded AE,https://www.curseforge.com/projects/1213351,2.1.1,Kolja,expandedae-2.1.1.jar,擴充 AE2,https://cdn.modrinth.com/data/ayN3DZKb/f2ad5703f88282433db4beb0f2f903cd69771b1f_96.webp,為應用能源 2 加入更多元件與功能擴充，強化儲存與自動化能力。,科技,
ExperienceLib,https://www.curseforge.com/projects/1156551,1.1.1,Alec_016GG,experiencelib-1.21.1-1.1.1.jar,經驗函式庫,https://cdn.modrinth.com/data/SglcIh0L/ed4e8cad91fbf6715851dbcb7700b7278eb83810.png,提供經驗值/等級相關的共用函式庫與工具，供其他模組依賴。,前置庫與API,
Explorer's Compass,https://www.curseforge.com/projects/491794,1.21.1-3.0.3-neoforge,ChaosTheDude,ExplorersCompass-1.21.1-3.0.3-neoforge.jar,探險家羅盤,https://cdn.modrinth.com/data/RV1qfVQ8/16aee9631790996daba4d0dc5fe75f4e894ccaee.png,可搜尋並指向指定結構的位置，協助快速找到村莊、要塞等生成點。,工具與實用,18-explorers-compass
ExtendedAE,https://www.curseforge.com/projects/892005,1.21-2.2.28-neoforge,GlodBlock,ExtendedAE-1.21-2.2.28-neoforge.jar,延伸 AE2,,擴充應用能源 2 的更多儲存與自動化元件，提供額外機械與配方。,科技,
Extreme Reactors,https://www.curseforge.com/projects/250277,1.21.1-2.4.28,ZeroNoRyouki,ExtremeReactors2-1.21.1-2.4.28.jar,極限反應爐,https://cdn.modrinth.com/data/idkvShUy/d1bd2df5321bafc1ab0b7a500109586e2ca8ba6e_96.webp,加入大型多方塊核反應爐與渦輪等發電設施，提供高產能的能源方案。,科技,
Extreme Sound Muffler,https://www.curseforge.com/projects/363363,3.54,LeoBeliik,ExtremeSoundMuffler-3.54_NeoForge-1.21.jar,極限音效消音器,https://cdn.modrinth.com/data/5IIKsxiL/16e3fd2ee3296e4fc9503df05b73b42011f5505c_96.webp,可針對特定音效進行靜音或音量調整，降低噪音並改善遊玩體驗。,音效與視覺,
FTB Chunks,https://www.curseforge.com/projects/314906,2101.1.13,FTB Team,ftb-chunks-neoforge-2101.1.13.jar,FTB 區塊管理,,提供地圖、區塊宣告/保護與隊伍領地功能，方便多人伺服器管理與防拆。,伺服器管理,24-ftb-chunks
FTB Essentials,https://www.curseforge.com/projects/410811,2101.1.8,FTB Team,ftb-essentials-neoforge-2101.1.8.jar,FTB 基礎功能,,提供家、回城、傳送、權限等常用指令與工具，方便伺服器與玩家管理。,伺服器管理,
FTB Filter System,https://www.curseforge.com/projects/943925,21.1.4,FTB Team,ftb-filter-system-neoforge-21.1.4.jar,FTB 篩選系統,,提供可重複利用的物品篩選器與規則系統，方便自動化與配方/物流設定。,工具與實用,
FTB Jei Extras,https://www.curseforge.com/projects/1103259,21.1.7,FTB Team,ftb-jei-extras-21.1.7.jar,FTB JEI 擴充,,為 JEI 加入額外的顯示與操作功能（如書籤/配方輔助等），改善查配方體驗。,兼容與整合,
FTB Library,https://www.curseforge.com/projects/404465,2101.1.30,FTB Team,ftb-library-neoforge-2101.1.30.jar,FTB 函式庫,,FTB 系列模組的共用前置函式庫，提供網路、資料與通用功能支援。,前置庫與API,
FTB Quests,https://www.curseforge.com/projects/289412,2101.1.21,FTB Team,ftb-quests-neoforge-2101.1.21.jar,FTB 任務,,加入冒險要素、任務、戰利品或探索內容。；可用於建立/追蹤任務流程。,冒險與探索,
FTB Quests Lang Splitter,https://www.curseforge.com/projects/1326856,1.0.5,Uncandango,ftbquestslangsplitter-1.0.5.jar,FTB 任務 Lang Splitter,,加入冒險要素、任務、戰利品或探索內容。；可用於建立/追蹤任務流程。,冒險與探索,
FTB Ranks,https://www.curseforge.com/projects/314905,2101.1.3,FTB Team,ftb-ranks-neoforge-2101.1.3.jar,FTB 權限階級,,提供伺服器/多人相關的管理、權限或團隊功能。,伺服器管理,
FTB Teams,https://www.curseforge.com/projects/404468,2101.1.9,FTB Team,ftb-teams-neoforge-2101.1.9.jar,FTB 團隊,,提供伺服器/多人相關的管理、權限或團隊功能。,伺服器管理,23-ftb-teams
FTB Ultimine,https://www.curseforge.com/projects/386134,2101.1.13,FTB Team,ftb-ultimine-neoforge-2101.1.13.jar,FTB 連鎖挖掘,,提供伺服器/多人相關的管理、權限或團隊功能。；支援連鎖/範圍挖掘。,伺服器管理,16-ftb-ultimine
FTB XMod Compat,https://www.curseforge.com/projects/889915,21.1.7,FTB Team,ftb-xmod-compat-neoforge-21.1.7.jar,FTB 跨模組相容,,提供伺服器/多人相關的管理、權限或團隊功能。,伺服器管理,
Factory Blocks,https://www.curseforge.com/projects/640001,1.4.0+mc1.21.1,slaincow,factory_blocks-neoforge-1.4.0+mc1.21.1.jar,Factory Blocks,https://cdn.modrinth.com/data/ht0eTMEs/94328ee3516fd051e107c1527012002be7560dc7_96.webp,提供其他類型的輔助或特殊玩法內容。,其他,
FancyMenu,https://www.curseforge.com/projects/367706,3.8.1,Keksuccino,fancymenu_neoforge_3.8.1_MC_1.21.1.jar,花式選單,https://cdn.modrinth.com/data/Wq5SjeWM/e4e82d028244a1326e6d346bf5b5336140576bb9_96.webp,改善或新增介面與 HUD 顯示，提升資訊呈現與操作便利性。；支援自訂選單與介面佈局。,介面與HUD,
Farmer's Delight,https://www.curseforge.com/projects/398521,1.2.9,vectorwing,FarmersDelight-1.21.1-1.2.9.jar,農夫樂事,https://cdn.modrinth.com/data/R2OftAxM/8e7aa38ab94d94bb0a2894a218b69beb49002b34.png,加入種植、畜牧、料理或食物相關內容與機制。；擴充農業與料理內容。,農業與料理,
Farming for Blockheads,https://www.curseforge.com/projects/261924,21.1.11,BlayTheNinth,farmingforblockheads-neoforge-1.21.1-21.1.11.jar,懶人農業,https://cdn.modrinth.com/data/4WJZr8JU/066c84672d99120ae5b54e555875340d50bd5cb6_96.webp,加入種植、畜牧、料理或食物相關內容與機制。；擴充農業與料理內容。,農業與料理,
Fast Suite,https://www.curseforge.com/projects/475117,6.0.7,Shadows_of_Fire,FastSuite-1.21.1-6.0.7.jar,Fast Suite,,提供其他類型的輔助或特殊玩法內容。,其他,
Fast Workbench,https://www.curseforge.com/projects/288885,9.1.3,Shadows_of_Fire,FastWorkbench-1.21.1-9.1.3.jar,Fast Workbench,,提供其他類型的輔助或特殊玩法內容。,其他,
FastFurnace,https://www.curseforge.com/projects/299540,9.0.1,Shadows_of_Fire,FastFurnace-1.21.1-9.0.1.jar,FastFurnace,,提供其他類型的輔助或特殊玩法內容。,其他,
Ferrite Core,https://www.curseforge.com/projects/429235,7.0.3,malte0811,ferritecore-7.0.3-neoforge.jar,Ferrite 核心,,提供其他模組所需的前置函式庫與共用功能。,前置庫與API,
Fireproof Boats,https://www.curseforge.com/projects/830962,1.21.1-1.0.4,LobsterJonn,fireproofboats-1.21.1-1.0.4.jar,Fireproof Boats,https://cdn.modrinth.com/data/njBFO9fI/d7175d16a4315d6ff413334c5daa754cddb998f1_96.webp,提供其他類型的輔助或特殊玩法內容。,其他,
FlickerFix,https://www.curseforge.com/projects/431430,6.1.0,,flickerfix-1.21.1-6.1.0.jar,FlickerFix,https://cdn.modrinth.com/data/KSyWOxT5/1deefd117e02e89b8c0e903578c83be739a0ca21_96.webp,提供其他類型的輔助或特殊玩法內容。,其他,
Flux Networks,https://www.curseforge.com/projects/248020,8.0.0,"Sonar Sonic,BloCamLimb",FluxNetworks-1.21.1-8.0.0.jar,Flux Networks,,提供其他類型的輔助或特殊玩法內容。,其他,
Forbidden Arcanus,https://www.curseforge.com/projects/309858,2.6.1,,forbidden_arcanus-2.6.1.jar,Forbidden Arcanus,,提供其他類型的輔助或特殊玩法內容。,其他,
FramedBlocks,https://www.curseforge.com/projects/441647,10.5.2,XFactHD,FramedBlocks-10.5.2.jar,FramedBlocks,https://cdn.modrinth.com/data/wbgfS34j/9e1c5293570d9822e51b99a385e25835f2ee6b1d.png,提供其他類型的輔助或特殊玩法內容。,其他,
Fuel Goes Here,https://www.curseforge.com/projects/659090,1.21.1-1.2.0,LobsterJonn,fuelgoeshere-1.21.1-1.2.0.jar,Fuel Goes Here,https://cdn.modrinth.com/data/Nw1znDUQ/1a3e44ecc301af735d24a607f12cac34b1f37d4a_96.webp,提供其他類型的輔助或特殊玩法內容。,其他,
Functional Storage,https://www.curseforge.com/projects/556861,1.21.1-1.5.5,"Buuz135,Rid",functionalstorage-1.21.1-1.5.5.jar,Functional 收納,https://cdn.modrinth.com/data/cO40ZIg3/bc3267a800469a0b867a0100706543bbd02f303a_96.webp,提供物品儲存、背包或整理相關功能，改善收納體驗。,儲存與背包,
Fusion,https://www.curseforge.com/projects/854949,1.2.12,SuperMartijn642,fusion-1.2.12-neoforge-mc1.21.1.jar,Fusion,https://cdn.modrinth.com/data/8K8WPv8S/icon.png,提供其他類型的輔助或特殊玩法內容。,其他,
Fzzy Config,https://www.curseforge.com/projects/1005914,0.7.6+1.21+neoforge,fzzyhmstrs,fzzy_config-0.7.6+1.21+neoforge.jar,Fzzy Config,https://cdn.modrinth.com/data/hYykXjDp/11f469b1bf1f201a95c2e3ddc09ca47d85c3ed53.png,提供其他類型的輔助或特殊玩法內容。,其他,
GeckoLib 4,https://www.curseforge.com/projects/388172,4.8.3,"Gecko,Eliot,AzureDoom,DerToaster,Tslat,Witixin",geckolib-neoforge-1.21.1-4.8.3.jar,GeckoLib 4,,提供其他模組所需的前置函式庫與共用功能。,前置庫與API,
Generator Galore,https://www.curseforge.com/projects/691049,1.21.1-1.6.3,LobsterJonn,generatorgalore-1.21.1-1.6.3.jar,Generator Galore,https://cdn.modrinth.com/data/blEO0qto/fbc8ee5317ec057e63a91b874f5c4606e1447976_96.webp,提供其他類型的輔助或特殊玩法內容。,其他,
Get It Together,Drops!,https://www.curseforge.com/projects/411045,"1.4,bl4ckscor3",getittogetherdrops-neoforge-1.21.5-1.4.jar,Get It Together,,提供其他類型的輔助或特殊玩法內容。,其他,
Glassential-renewed,https://www.curseforge.com/projects/945149,3.4.1,Big_Energy,Glassential-renewed-1.21.1-3.4.1.jar,Glassential-renewed,,提供其他類型的輔助或特殊玩法內容。,其他,
Glodium,https://www.curseforge.com/projects/957920,1.21-2.2-neoforge,GlodBlock,Glodium-1.21-2.2-neoforge.jar,Glodium,https://cdn.modrinth.com/data/UhW5uCKw/b82d401e1987eec5615311e9a90295c8e86b2112.png,提供其他類型的輔助或特殊玩法內容。,其他,
Gravitational Modulating Additional Unit,https://www.curseforge.com/projects/656136,6.4,gisellevonbingen,GravitationalModulatingAdditionalUnit-1.21.1-6.4.jar,Gravitational Modulating Additional Unit,,提供其他類型的輔助或特殊玩法內容。,其他,
GuideME,https://www.curseforge.com/projects/1173950,21.1.15,shartte,guideme-21.1.15.jar,GuideME,https://cdn.modrinth.com/data/Ck4E7v7R/04e8cbe7daff69feb20bf114074475001d9c7be5.png,改善或新增介面與 HUD 顯示，提升資訊呈現與操作便利性。,介面與HUD,
Handcrafted,https://www.curseforge.com/projects/538214,4.0.3,"Alex Nijjar,Kekie6",handcrafted-neoforge-1.21.1-4.0.3.jar,Handcrafted,https://cdn.modrinth.com/data/pJmCFF0p/e89faefc522d601db2a5fd70136f37ef7ce18569.png,提供其他類型的輔助或特殊玩法內容。,其他,
Hardened Armadillos,https://www.curseforge.com/projects/1001266,1.21.1-0.2.0,LobsterJonn,hardenedarmadillos-1.21.1-0.2.0.jar,Hardened Armadillos,,提供其他類型的輔助或特殊玩法內容。,其他,
Hey Berry! SHUT UP,https://www.curseforge.com/projects/634227,1.21.0-2.0.4,LobsterJonn,heyberryshutup-1.21.0-2.0.4.jar,Hey Berry! SHUT UP,https://cdn.modrinth.com/data/EQGqfQ69/65d62be99fc0fe39d145e4bf87b6b484e76cc197_96.webp,提供其他類型的輔助或特殊玩法內容。,其他,
Hostile Neural Networks,https://www.curseforge.com/projects/552574,6.3.0,Shadows_of_Fire,HostileNeuralNetworks-1.21.1-6.3.0.jar,Hostile Neural Networks,,提供其他類型的輔助或特殊玩法內容。,其他,07-hostile-neural-networks
I'm Fast,https://www.curseforge.com/projects/1111501,1.0.2,Bielhiss,imfast-NEOFORGE-1.0.2.jar,I'm Fast,https://cdn.modrinth.com/data/PaUMOeP0/aa01c08190d68edf4c681e692901dbfba3259964.webp,提供其他類型的輔助或特殊玩法內容。,其他,
I18nUpdateMod,https://github.com/xfl03/I18nUpdateMod3,3.6.2,xfl03,I18nUpdateMod.jar,I18nUpdateMod,https://cdn.modrinth.com/data/PWERr14M/d2bbfcc25d25d92896d8b0b63face492310b3f4b.png,提供其他類型的輔助或特殊玩法內容。,其他,
ImmediatelyFast,https://www.curseforge.com/projects/686911,1.6.10+1.21.1,RK_01,ImmediatelyFast-NeoForge-1.6.10+1.21.1.jar,ImmediatelyFast,https://cdn.modrinth.com/data/5ZwdcRci/e57b6b451425692ac17ad322d5e14bea686a383a_96.webp,提供其他類型的輔助或特殊玩法內容。,其他,
Immersive Energistics,https://www.curseforge.com/projects/992377,1.1.0-beta,Technici4n,Immersive-Energistics-1.1.0-beta.jar,Immersive Energistics,https://cdn.modrinth.com/data/ADAUe1vC/f9eb26f4bbbd0dd433d68df582a580efe8841236.png,提供其他類型的輔助或特殊玩法內容。,其他,
Immersive Engineering,https://www.curseforge.com/projects/231951,12.4.2-194,BluSunrize and Damien A.W. Hazard,ImmersiveEngineering-1.21.1-12.4.2-194.jar,Immersive Engineering,https://cdn.modrinth.com/data/tIm2nV03/icon.png,加入機械、加工或自動化等科技玩法內容。,科技,
InControl,https://www.curseforge.com/projects/257356,1.21-10.2.6,McJty,incontrol-1.21-10.2.6.jar,InControl,,提供其他類型的輔助或特殊玩法內容。,其他,
Industrial Foregoing,https://www.curseforge.com/projects/266515,1.21-3.6.37,Buuz135,industrialforegoing-1.21-3.6.37.jar,Industrial Foregoing,https://cdn.modrinth.com/data/lWxpUd04/a49f4b8e396b3ad4537e02e1c5e95c4c5074f96c_96.webp,提供其他類型的輔助或特殊玩法內容。,其他,08-industrial-foregoing
Industrial Foregoing Souls,https://www.curseforge.com/projects/904394,1.10.7,"Buuz135,Rid",industrial-foregoing-souls-1.21.1-1.10.7.jar,Industrial Foregoing Souls,,提供其他類型的輔助或特殊玩法內容。,其他,
IntegratedCrafting,https://www.curseforge.com/projects/287357,1.4.3,rubensworks (aka kroeser),integratedcrafting-1.21.1-neoforge-1.4.3.jar,IntegratedCrafting,,提供其他類型的輔助或特殊玩法內容。,其他,
IntegratedDynamics,https://www.curseforge.com/projects/236307,1.30.5,rubensworks (aka kroeser),integrateddynamics-1.21.1-neoforge-1.30.5-1489.jar,IntegratedDynamics,,提供其他類型的輔助或特殊玩法內容。,其他,
IntegratedScripting,https://www.curseforge.com/projects/889785,1.0.21,rubensworks (aka kroeser),integratedscripting-1.21.1-neoforge-1.0.21.jar,IntegratedScripting,,提供其他類型的輔助或特殊玩法內容。,其他,
IntegratedTerminals,https://www.curseforge.com/projects/295910,1.6.24,rubensworks (aka kroeser),integratedterminals-1.21.1-neoforge-1.6.24.jar,IntegratedTerminals,,提供其他類型的輔助或特殊玩法內容。,其他,
IntegratedTunnels,https://www.curseforge.com/projects/251389,1.9.2,rubensworks (aka kroeser),integratedtunnels-1.21.1-neoforge-1.9.2-521.jar,IntegratedTunnels,,提供其他類型的輔助或特殊玩法內容。,其他,
Inventory Tweaks Refoxed,https://www.curseforge.com/projects/976858,1.21.1-1.3.2,LobsterJonn (Current maintainer),invtweaks-1.21.1-1.3.2.jar,Inventory Tweaks Refoxed,,提供物品儲存、背包或整理相關功能，改善收納體驗。,儲存與背包,
Iris,https://www.curseforge.com/projects/455508,1.8.12-snapshot+mc1.21.1-local,"coderbot,IMS212",iris-neoforge-1.8.12+mc1.21.1.jar,Iris,,提供其他類型的輔助或特殊玩法內容。,其他,
Iron Furnaces,https://www.curseforge.com/projects/237664,4.3.2,"Qelifern (pizzaatime),XenoMustache",ironfurnaces-neoforge-1.21.1-4.3.2.jar,Iron Furnaces,https://cdn.modrinth.com/data/yPlaLxD1/8788274b9d09dba7bfc99b29d9d0a708ba5e4e74.png,提供其他類型的輔助或特殊玩法內容。,其他,
Iron Jetpacks,https://www.curseforge.com/projects/284497,8.0.11,BlakeBr0,IronJetpacks-1.21.1-8.0.11.jar,Iron Jetpacks,https://cdn.modrinth.com/data/DWIEOniQ/ae173e06848b2b77127ac64aa8a0571ca93c0265_96.webp,提供其他類型的輔助或特殊玩法內容。,其他,12-iron-jetpacks
Item Collectors,https://www.curseforge.com/projects/395620,1.1.10,SuperMartijn642,itemcollectors-1.1.10-neoforge-mc1.21.jar,Item Collectors,https://cdn.modrinth.com/data/y9vDr4Th/e3da425916abc3ea296a1d7d100cdaa8536fe23c_96.webp,提供其他類型的輔助或特殊玩法內容。,其他,
Jade,https://www.curseforge.com/projects/324717,15.10.5+neoforge,Snownee,Jade-1.21.1-NeoForge-15.10.5.jar,Jade,,提供其他類型的輔助或特殊玩法內容。,其他,22-jade
Jonn's Trophies,https://www.curseforge.com/projects/510170,1.21.1-2.4.0,LobsterJonn,trophymanager-1.21.1-2.4.0.jar,Jonn's Trophies,https://cdn.modrinth.com/data/pK0Ko6yV/d33c9cadec8ce53f12c1783cd4a5bfd7e29c5608_96.webp,提供其他類型的輔助或特殊玩法內容。,其他,
Journeymap-NeoForge,https://www.curseforge.com/projects/32274,not a fabric mod,"Mysticdrew,Techbrew,MemeSapiens",journeymap-neoforge-1.21.1-6.0.0-beta.53.jar,Journeymap-NeoForge,,改善或新增介面與 HUD 顯示，提升資訊呈現與操作便利性。,介面與HUD,
Jumpy Boats,https://www.curseforge.com/projects/542110,1.21.0-1.0.5,LobsterJonn,jumpboat-1.21.0-1.0.5.jar,Jumpy Boats,https://cdn.modrinth.com/data/Z6clHfIZ/572b22b552a3820f2050026e5eeeacd381235b95_96.webp,提供其他類型的輔助或特殊玩法內容。,其他,
Just Dire Things,https://www.curseforge.com/projects/1002348,1.5.7,Direwolf20,justdirethings-1.5.7.jar,Just Dire Things,,提供其他類型的輔助或特殊玩法內容。,其他,
Just Enough Archaeology,https://www.curseforge.com/projects/890755,1.21.1-1.1.6,LobsterJonn,jearchaeology-1.21.1-1.1.6.jar,Just Enough Archaeology,https://cdn.modrinth.com/data/K0LQpdmm/31062dff32f9f9a43cab693ba0b84db023fd1180.png,提供其他類型的輔助或特殊玩法內容。,其他,
Just Enough Breeding,https://www.curseforge.com/projects/899386,1.6.2,Christofmeg,justenoughbreeding-neoforge-1.21-1.21.1-1.6.2.jar,Just Enough Breeding,,提供其他類型的輔助或特殊玩法內容。,其他,
Just Enough Items,https://www.curseforge.com/projects/238222,19.27.0.340,mezz,jei-1.21.1-neoforge-19.27.0.340.jar,Just Enough Items,,提供其他類型的輔助或特殊玩法內容。,其他,27-just-enough-items
Just Enough Mekanism Multiblocks,https://www.curseforge.com/projects/898746,7.12,gisellevonbingen,JustEnoughMekanismMultiblocks-1.21.1-7.12.jar,Just Enough Mekanism Multiblocks,https://cdn.modrinth.com/data/kRaE85yQ/0c8e3095850e2418c096f2ff78103c5f3c3f6871_96.webp,提供其他類型的輔助或特殊玩法內容。,其他,
Just Enough Professions (JEP),https://www.curseforge.com/projects/417645,4.0.4,"Mrbysco,ShyNieke",JustEnoughProfessions-neoforge-1.21.1-4.0.4.jar,Just Enough Professions,https://cdn.modrinth.com/data/kB56GtWA/2be012ae2466e6b9d454eaeb5ed2e00f1985cd63_96.webp,提供其他類型的輔助或特殊玩法內容。,其他,
Just Zoom,https://www.curseforge.com/projects/561885,2.1.0,Keksuccino,justzoom_neoforge_2.1.0_MC_1.21.1.jar,Just Zoom,https://cdn.modrinth.com/data/iAiqcykM/0425611318ddc95184845eaa3d78899ddba0620e_96.webp,提供其他類型的輔助或特殊玩法內容。,其他,
KeyBind Bundles,https://www.curseforge.com/projects/1172594,1.4.0,Matyrobbrt,keybindbundles-1.4.0.jar,KeyBind Bundles,https://cdn.modrinth.com/data/qs2zRREk/287e7a0a22c0ad715fcc959f438967e6aca18dca_96.webp,提供其他類型的輔助或特殊玩法內容。,其他,
KeybindsPurger,https://www.curseforge.com/projects/1099143,1.3.4,ZedDevStuff,keybindspurger-1.21.x-neoforge-1.3.4.jar,KeybindsPurger,https://cdn.modrinth.com/data/iaH7LvLy/340b862dde40cce7d78bd6ede28d19bca68eda62_96.webp,提供其他類型的輔助或特殊玩法內容。,其他,
Konkrete,https://www.curseforge.com/projects/410295,1.9.9,Keksuccino,konkrete_neoforge_1.9.9_MC_1.21.jar,Konkrete,https://cdn.modrinth.com/data/J81TRJWm/f27c753fd9ec7944b49f4fe2d7cfd32527340183_96.webp,提供其他類型的輔助或特殊玩法內容。,其他,
Kotlin for Forge,https://www.curseforge.com/projects/351264,7471280,,kotlinforforge-5.11.0-all.jar,Kotlin for Forge,https://cdn.modrinth.com/data/ordsPcFz/064b8f129b776eb303f7f8b1a610e21d153c74b9_96.webp,提供其他類型的輔助或特殊玩法內容。,其他,
KubeJS,https://www.curseforge.com/projects/238086,2101.7.2-build.348,latvian.dev,kubejs-neoforge-2101.7.2-build.348.jar,KubeJS,https://cdn.modrinth.com/data/umyGl7zF/ced768ee05e293837a24eacf00838061e02964a0_96.webp,提供其他類型的輔助或特殊玩法內容。,其他,
KubeJS Tweaks,https://www.curseforge.com/projects/1306367,1.0.6,Uncandango,kubejstweaks-1.0.6.jar,KubeJS Tweaks,,提供其他類型的輔助或特殊玩法內容。,其他,
L_Ender's Cataclysm 1.21.1,https://www.curseforge.com/projects/551586,3.23,L_Ender,L_Ender's Cataclysm 1.21.1-3.23.jar,L_Ender's Cataclysm 1.21.1,,提供其他類型的輔助或特殊玩法內容。,其他,
Laser Bridges & Doors,https://www.curseforge.com/projects/776337,5.3,Mars,laserbridges-1.21.1-neoforge-5.3.jar,Laser Bridges & Doors,https://cdn.modrinth.com/data/wz31BboV/f7349e7cc46a44cfa362842070859ecfdc91919a.gif,提供跨模組相容性、整合或附加內容，讓模組間能更好地協作。,兼容與整合,
LaserIO,https://www.curseforge.com/projects/626839,1.9.11,"Direwolf20,ErrorMikey",laserio-1.9.11.jar,LaserIO,,提供其他類型的輔助或特殊玩法內容。,其他,
Little Big Redstone,https://www.curseforge.com/projects/1180560,1.5.0-beta-1.21.1,Swedz,little-big-redstone-1.5.0-beta-1.21.1.jar,Little Big Redstone,https://cdn.modrinth.com/data/cdz2XZgU/ffa159900005ed084d42a1a13872aefea6df8d3e.png,提供其他類型的輔助或特殊玩法內容。,其他,
Load My F***ing Tags,https://www.curseforge.com/projects/656346,1.1.1+1.21.9,Blodhgarm,lmft-1.1.1+1.21.9-neoforge.jar,Load My F***ing Tags,https://cdn.modrinth.com/data/67kVxsaO/7dcdbb029ee6ca870cfb67ede4937d132705f5dd_96.webp,提供其他類型的輔助或特殊玩法內容。,其他,
Lootr,https://www.curseforge.com/projects/361276,1.21.1-1.11.36.114,Noobanidus,lootr-neoforge-1.21.1-1.11.36.114.jar,Lootr,https://cdn.modrinth.com/data/EltpO5cN/3dc915eb1bbcd65654c17eb3870de4aba055d0c6_96.webp,提供其他類型的輔助或特殊玩法內容。,其他,
Luminax,https://www.curseforge.com/projects/1165932,1.3.1,Satherov,luminax-1.3.1_neoforge_1.21.1.jar,Luminax,https://cdn.modrinth.com/data/v8pgbyzm/7430fdf77e71a71ff734039ff665c70b65a06101_96.webp,提供其他類型的輔助或特殊玩法內容。,其他,
ME Requester,https://www.curseforge.com/projects/688367,1.21.1-1.4.1,Almost Reliable,merequester-neoforge-1.21.1-1.4.1.jar,ME Requester,https://cdn.modrinth.com/data/E6BFl96N/4024be522db82e28c63552475f3289809d3bb34d.png,加入冒險要素、任務、戰利品或探索內容。；可用於建立/追蹤任務流程。,冒險與探索,
MEGA Cells,https://www.curseforge.com/projects/622112,4.10.2,90,megacells-4.10.2.jar,MEGA Cells,https://cdn.modrinth.com/data/jjuIRIVr/03ff568e2e8b5f1a3130d256ff91c50128b12c06.png,提供其他類型的輔助或特殊玩法內容。,其他,
McJtyLib,https://www.curseforge.com/projects/233105,1.21-9.0.20,McJty,mcjtylib-1.21-9.0.20.jar,McJtyLib,https://cdn.modrinth.com/data/1Zu0uTEE/6d6534219f9e62a7e0f6b10ea5351067fcd4ae6c_96.webp,提供其他模組所需的前置函式庫與共用功能。,前置庫與API,
Measurements,https://www.curseforge.com/projects/478559,3.0.3,Mrbysco,Measurements-neoforge-1.21.1-3.0.3.jar,Measurements,https://cdn.modrinth.com/data/wLINU2AB/icon.png,提供其他類型的輔助或特殊玩法內容。,其他,
Mekanism,https://www.curseforge.com/projects/268560,10.7.17,"Aidancbrady,Thommy101,Thiakil,pupnewfster,dizzyd",Mekanism-1.21.1-10.7.17.83.jar,Mekanism,https://cdn.modrinth.com/data/Ce6I4WUE/ea185eb1300a64867f89101d4798e71a54ef6bed_96.webp,提供其他類型的輔助或特殊玩法內容。,其他,02-mekanism
Mekanism Covers,https://www.curseforge.com/projects/1119874,1.3-BETA+1.21,D4rkness_King,mekanismcovers-1.3-BETA+1.21.jar,Mekanism Covers,https://cdn.modrinth.com/data/E3sGVcD8/b69301b67f7fafad45c2831b978ff80e1552b9e8_96.webp,提供其他類型的輔助或特殊玩法內容。,其他,
Mekanism: Generators,https://www.curseforge.com/projects/268566,10.7.17,"Aidancbrady,Thommy101,Thiakil,pupnewfster,dizzyd",MekanismGenerators-1.21.1-10.7.17.83.jar,Mekanism: Generators,,提供其他類型的輔助或特殊玩法內容。,其他,
Mekanism: MoreMachine,https://www.curseforge.com/projects/1275257,1.3.0,Lost Myself,mekmm-1.21.1-1.3.0.jar,Mekanism: MoreMachine,,加入機械、加工或自動化等科技玩法內容。,科技,
Mekanism: Tools,https://www.curseforge.com/projects/268567,10.7.17,"Aidancbrady,Thommy101,Thiakil,pupnewfster,dizzyd",MekanismTools-1.21.1-10.7.17.83.jar,Mekanism: 工具,,提供其他類型的輔助或特殊玩法內容。,其他,
Mekanistic Routers,https://www.curseforge.com/projects/1148201,1.2.0,Matyrobbrt,mekanisticrouters-1.2.0.jar,Mekanistic Routers,https://cdn.modrinth.com/data/DEgmLF9Z/1cb88db44eaf6596108350c5a51b31b29803123e_96.webp,提供其他類型的輔助或特殊玩法內容。,其他,
Melody,https://www.curseforge.com/projects/938643,1.0.10,Keksuccino,melody_neoforge_1.0.10_MC_1.21.jar,Melody,https://cdn.modrinth.com/data/CVT4pFB2/87ac2562f06b104c827d322b4b937bad8fac5fbc_96.webp,提供其他類型的輔助或特殊玩法內容。,其他,
Mining Gadgets,https://www.curseforge.com/projects/351748,1.18.6,"Direwolf20,ErrorMikey",mininggadgets-1.18.6.jar,Mining Gadgets,,提供其他類型的輔助或特殊玩法內容。,其他,
MmmMmmMmmMmm,https://www.curseforge.com/projects/225738,1.21-2.0.11,"Mehvahdjukaar,Bonusboni,Gooigipunch,Plantkillable",dummmmmmy-1.21-2.0.11-neoforge.jar,MmmMmmMmmMmm,https://cdn.modrinth.com/data/Adega8YN/f5e7ffbd18426c584bd43b59770fb2965d420c9f.png,提供其他類型的輔助或特殊玩法內容。,其他,
Mob Grinding Utils,https://www.curseforge.com/projects/254241,1.1.10+mc1.21.1,"vadis365,flanks255",mob_grinding_utils-1.1.10+mc1.21.1.jar,Mob Grinding Utils,,新增/調整生物行為、生成或 AI，豐富生態與互動。,生物與AI,
Model Gap Fix,https://www.curseforge.com/projects/676136,1.21-1.10,MehVahdJukaar,modelfix-1.21-1.10.jar,Model Gap Fix,https://cdn.modrinth.com/data/QdG47OkI/5a8203e120985d11616614e11ad7b888997000d8.png,提供其他類型的輔助或特殊玩法內容。,其他,
ModernFix,https://www.curseforge.com/projects/790626,5.26.1+mc1.21.1,embeddedt,modernfix-neoforge-5.26.1+mc1.21.1.jar,ModernFix,https://cdn.modrinth.com/data/nmDcB62a/2af94de5e08ae54567ee86b968fc7ce076d9fee5_96.webp,提供其他類型的輔助或特殊玩法內容。,其他,
Modonomicon,https://www.curseforge.com/projects/538392,1.117.4,Kli Kli,modonomicon-1.21.1-neoforge-1.117.4.jar,Modonomicon,https://cdn.modrinth.com/data/692GClaE/2ff28ac59b51945e62f2680166dc8322f112be2c.png,提供其他類型的輔助或特殊玩法內容。,其他,
Modular Routers,https://www.curseforge.com/projects/250294,13.2.4,Des Herriott,modular-routers-13.2.4+mc1.21.1.jar,Modular Routers,https://cdn.modrinth.com/data/EuTS81Z3/1ae3ead8a00ff37bbf7b2e7915b82fdbc62fd47f_96.webp,提供其他類型的輔助或特殊玩法內容。,其他,
ModularBees,https://www.curseforge.com/projects/1350380,1.21.1-2.5-neoforge,GlodBlock,ModularBees-1.21.1-2.5-neoforge.jar,ModularBees,,提供其他類型的輔助或特殊玩法內容。,其他,
MonoLib,https://www.curseforge.com/projects/968432,2.1.0,Jason13,monolib-neoforge-1.21.1-2.1.0.jar,MonoLib,https://cdn.modrinth.com/data/9leXt4A5/66e274ada03733e74a2a7d7fede36e6523ba3da8_96.webp,提供其他模組所需的前置函式庫與共用功能。,前置庫與API,
Moonlight Lib,https://www.curseforge.com/projects/499980,1.21-2.29.16,MehVahdJukaar,moonlight-1.21-2.29.16-neoforge.jar,Moonlight Lib,https://cdn.modrinth.com/data/twkfQtEc/icon.png,提供其他模組所需的前置函式庫與共用功能。,前置庫與API,
More Dragon Eggs,https://www.curseforge.com/projects/358700,5.0,Darkere,moredragoneggs-5.0.jar,More Dragon Eggs,,提供其他類型的輔助或特殊玩法內容。,其他,
More Industrial Foregoing Addons,https://www.curseforge.com/projects/1086142,2.1.0,Christofmeg,mifa-neoforge-1.21.x-2.1.0.jar,More Industrial Foregoing Addons,,提供跨模組相容性、整合或附加內容，讓模組間能更好地協作。,兼容與整合,
More Overlays Updated,https://www.curseforge.com/projects/391382,1.24.2,"feldim2425,RiDGo8",moreoverlays-1.24.2-mc1.21.1-neoforge.jar,More Overlays Updated,https://cdn.modrinth.com/data/Thy5Pqut/8503b67b9f6869bdb8160a7b2a30c3321b5b0e78_96.webp,提供其他類型的輔助或特殊玩法內容。,其他,
More Red,https://www.curseforge.com/projects/387638,6.0.0.3,Commoble,morered-1.21.1-6.0.0.3.jar,More Red,https://cdn.modrinth.com/data/UxYNfnfx/867f1634312f6d30e6493b6d58695a9f1ad7086c_96.webp,提供其他類型的輔助或特殊玩法內容。,其他,
Mouse Tweaks,https://www.curseforge.com/projects/60089,2.26.1,Ivan Molodetskikh (YaLTeR),MouseTweaks-neoforge-mc1.21-2.26.1.jar,Mouse Tweaks,https://cdn.modrinth.com/data/aC3cM3Vq/6c0eaa4e60a9c87f4766f222ff63286f09da32c0_96.webp,提供其他類型的輔助或特殊玩法內容。,其他,
Mystical Agradditions,https://www.curseforge.com/projects/256247,8.0.12,BlakeBr0,MysticalAgradditions-1.21.1-8.0.12.jar,Mystical Agradditions,https://cdn.modrinth.com/data/pl0jGXIx/f01fcb2bf148c812e0c53606b35229766b1a930e_96.webp,提供其他類型的輔助或特殊玩法內容。,其他,
Mystical Agriculture,https://www.curseforge.com/projects/246640,8.0.22,BlakeBr0,MysticalAgriculture-1.21.1-8.0.22.jar,Mystical Agriculture,https://cdn.modrinth.com/data/C95ReXie/2bddd50d346a470536319c9c1ae6c21f6a5b3e72_96.webp,提供其他類型的輔助或特殊玩法內容。,其他,05-mystical-agriculture
Mystical Customization,https://www.curseforge.com/projects/280441,6.0.1,BlakeBr0,MysticalCustomization-1.21.1-6.0.1.jar,Mystical Customization,https://cdn.modrinth.com/data/lNK9A4rh/ebb267fc71da27c50e9361966d33c20733c07515_96.webp,提供其他類型的輔助或特殊玩法內容。,其他,
Nature's Compass,https://www.curseforge.com/projects/252848,1.21.1-3.0.2-neoforge,ChaosTheDude,NaturesCompass-1.21.1-3.0.3-neoforge.jar,Nature's Compass,https://cdn.modrinth.com/data/fPetb5Kh/9b0d54f2a8d9e49a10f5bcb8004bc757f55bb013.png,提供其他類型的輔助或特殊玩法內容。,其他,17-natures-compass
NaturesAura,https://www.curseforge.com/projects/306626,41.9,Ellpeck,NaturesAura-41.9.jar,NaturesAura,,提供其他類型的輔助或特殊玩法內容。,其他,
NeoAuth,https://www.curseforge.com/projects/1140741,1.0.1,"Mrbysco,Axieum",NeoAuth-1.21.1-1.0.1.jar,NeoAuth,https://cdn.modrinth.com/data/zeZhoBhv/cf2fe9f0d23f1659f699d0f88007bcd4b41946c9_96.webp,提供其他類型的輔助或特殊玩法內容。,其他,
NetherPortalFix,https://www.curseforge.com/projects/241160,21.1.1,BlayTheNinth,netherportalfix-neoforge-1.21.1-21.1.1.jar,NetherPortalFix,https://cdn.modrinth.com/data/nPZr02ET/1496de70af297897258b7520aafc0886fa0ad918_96.webp,提供其他類型的輔助或特殊玩法內容。,其他,
No Chat Reports,https://www.curseforge.com/projects/634062,1.21.1-v2.9.1,Aizistral,NoChatReports-NEOFORGE-1.21.1-v2.9.1.jar,No Chat Reports,https://cdn.modrinth.com/data/qQyHxfxd/icon.png,提供其他類型的輔助或特殊玩法內容。,其他,
No Villager Death Messages,https://www.curseforge.com/projects/451682,6.0.0,,novillagerdm-1.21.1-6.0.0.jar,No Villager Death Messages,https://cdn.modrinth.com/data/NEipHNYm/0a3434039bb49382dbec46a58ce1d4de2ce695ff_96.webp,提供效能最佳化與記憶體/伺服器負載改善，提升遊戲流暢度。,效能最佳化,
Not Enough Glyphs,https://www.curseforge.com/projects/1023517,4.2.6,Alexthw,not_enough_glyphs-1.21.1-4.2.6.jar,Not Enough Glyphs,,提供其他類型的輔助或特殊玩法內容。,其他,
Nullscape,https://www.curseforge.com/projects/570354,1.2.14,Stardust Labs,Nullscape_1.21.x_v1.2.14.jar,Nullscape,https://cdn.modrinth.com/data/LPjGiSO4/30249e0548b8643b1559889eab585683cb397f3a_96.webp,提供其他類型的輔助或特殊玩法內容。,其他,
Observable,https://www.curseforge.com/projects/509575,5.4.4,tasgon,observable-5.4.4.jar,Observable,https://cdn.modrinth.com/data/VYRu7qmG/icon.png,提供其他類型的輔助或特殊玩法內容。,其他,
Occultism,https://www.curseforge.com/projects/361026,1.205.0,Kli Kli,occultism-1.21.1-neoforge-1.205.0.jar,Occultism,https://cdn.modrinth.com/data/sbJh4AZw/682613d6915cc19cee17a95b73f954ae6353a515_96.webp,提供其他類型的輔助或特殊玩法內容。,其他,
OctoLib,https://www.curseforge.com/projects/916747,0.6.0.4,OctoStudios,OctoLib-NEOFORGE-0.6.0.4+1.21.jar,OctoLib,https://cdn.modrinth.com/data/RH2KUdKJ/a4043436fa16d40de4faa032b08e0879b8397259_96.webp,提供其他模組所需的前置函式庫與共用功能。,前置庫與API,
Omega Config Architectury,https://www.curseforge.com/projects/558000,1.5.1,Frqnny,omegaconfig-neoforge-1.5.1.jar,Omega Config Architectury,,提供其他類型的輔助或特殊玩法內容。,其他,
Oracle Index,https://www.curseforge.com/projects/1206582,0.5.0,Me! - Rearth,oracle_index-neoforge-0.5.0.jar,Oracle Index,https://cdn.modrinth.com/data/J8MMsNrL/1fe93d409348f6cb05a2047f2275ace2ee51a7ee_96.webp,提供其他類型的輔助或特殊玩法內容。,其他,
Oritech,https://www.curseforge.com/projects/1030830,1.0.0,Me! - Rearth,oritech-neoforge-1.21.1-1.0.0.jar,Oritech,https://cdn.modrinth.com/data/4sYI62kA/e032cbed64099e56c1d005ab7717325247b81f07_96.webp,加入機械、加工或自動化等科技玩法內容。,科技,
OverloadedArmorBar,https://www.curseforge.com/projects/314002,2,Jared,overloadedarmorbar-neoforge-1.21-2.jar,OverloadedArmorBar,,提供其他類型的輔助或特殊玩法內容。,其他,
PKGBadges,https://www.curseforge.com/projects/889895,7.0,"PoyrazPKG,KayraPKG",PKGBadges-7.0.jar,PKGBadges,,提供其他類型的輔助或特殊玩法內容。,其他,
Patchouli,https://www.curseforge.com/projects/306770,1.21.1-92-NEOFORGE,Vazkii,Patchouli-1.21.1-92-NEOFORGE.jar,Patchouli,https://cdn.modrinth.com/data/nU0bVIaL/c271809dda89c9e7a39f19d91f7cf6fba3ede585_96.webp,提供其他類型的輔助或特殊玩法內容。,其他,
Pipez,https://www.curseforge.com/projects/443900,1.21.1-1.2.19,Max Henkel,pipez-neoforge-1.21.1-1.2.19.jar,Pipez,https://cdn.modrinth.com/data/iRmWy6ga/be55098fe4886146924fd873e88169c10bf47051.png,提供其他類型的輔助或特殊玩法內容。,其他,
Placebo,https://www.curseforge.com/projects/283644,9.9.1,Shadows_of_Fire,Placebo-1.21.1-9.9.1.jar,Placebo,https://cdn.modrinth.com/data/tCkE8p2N/f5a71de378c2cc940efaa812da151c480cfdbbb6_96.webp,提供其他類型的輔助或特殊玩法內容。,其他,
Player Animator,https://www.curseforge.com/projects/658587,2.0.4+1.21.1,KosmX,player-animation-lib-forge-2.0.4+1.21.1.jar,Player Animator,,提供其他類型的輔助或特殊玩法內容。,其他,
PneumaticCraft: Repressurized,https://www.curseforge.com/projects/281849,8.2.16,"desht,MineMaarten",pneumaticcraft-repressurized-8.2.16+mc1.21.1.jar,PneumaticCraft: Repressurized,https://cdn.modrinth.com/data/ncAcdgk7/898bdd5a5051145c2190d029c16f352e0c7b8347.png,提供其他類型的輔助或特殊玩法內容。,其他,
Pocket Storage,https://www.curseforge.com/projects/367734,1.2.5,Flanks255,pocketstorage-1.2.5+1.21.1-b3.jar,Pocket 收納,,提供物品儲存、背包或整理相關功能，改善收納體驗。,儲存與背包,20-pocket-storage
PolyLib,https://www.curseforge.com/projects/576589,2100.1.0-build.183,CreeperHost,polylib-2100.1.0-build.183-neoforge.jar,PolyLib,https://cdn.modrinth.com/data/6lvkzFFj/439e65de608ca89a51a0b6048d0579d0b535809b.jpeg,提供其他模組所需的前置函式庫與共用功能。,前置庫與API,
Polymorph,https://www.curseforge.com/projects/388800,1.1.0+1.21.1,Illusive Soulworks,polymorph-neoforge-1.1.0+1.21.1.jar,Polymorph,https://cdn.modrinth.com/data/tagwiZkJ/ed244c5829bde539763c7fffb55cb3194a349d66.png,提供其他類型的輔助或特殊玩法內容。,其他,
Polymorphic Energistics,https://www.curseforge.com/projects/941096,0.4.1,90,polyeng-0.4.1.jar,Polymorphic Energistics,https://cdn.modrinth.com/data/VS1a14jA/0417c4ce2813879aaa429b53978de2e227a3e78d.png,提供其他類型的輔助或特殊玩法內容。,其他,
PonderJS,https://www.curseforge.com/projects/622888,1.21.1-2.4.0,AlmostReliable,ponderjs-neoforge-1.21.1-2.4.0.jar,PonderJS,,提供其他類型的輔助或特殊玩法內容。,其他,
PotionsMaster,https://www.curseforge.com/projects/356801,0.7.1-packdev,"thevortex,whatthedrunk",potionsmaster-21.1.113-0.7.1-packdev.jar,PotionsMaster,,提供其他類型的輔助或特殊玩法內容。,其他,
Powah,https://www.curseforge.com/projects/633483,6.2.8,"owmii,Technici4n,shartte",Powah-6.2.8.jar,Powah,,提供其他類型的輔助或特殊玩法內容。,其他,
PrickleMC,https://www.curseforge.com/projects/1023259,21.1.11,Darkhax,prickle-neoforge-1.21.1-21.1.11.jar,PrickleMC,,提供其他類型的輔助或特殊玩法內容。,其他,
Productive Bees,https://www.curseforge.com/projects/377897,1.21.1-13.13.0,LobsterJonn,productivebees-1.21.1-13.13.0.jar,Productive Bees,https://cdn.modrinth.com/data/jH6iiqkd/70163c28b8ec073ec3d539e5162238a376a5389f_96.webp,提供其他類型的輔助或特殊玩法內容。,其他,
Productive Metalworks,https://www.curseforge.com/projects/1184570,1.21.1-1.14.0,LobsterJonn,productivemetalworks-1.21.1-1.14.0.jar,Productive Metalworks,,提供其他類型的輔助或特殊玩法內容。,其他,
Productive Trees,https://www.curseforge.com/projects/867074,1.21.1-0.8.0,LobsterJonn,productivetrees-1.21.1-0.8.0.jar,Productive Trees,https://cdn.modrinth.com/data/BTmup08e/ec78128afd0d91188d175fc415a69f49e0b19f70_96.webp,提供其他類型的輔助或特殊玩法內容。,其他,
Pylons,https://www.curseforge.com/projects/518211,5.4.1,,pylons-1.21.1-5.4.1.jar,Pylons,https://cdn.modrinth.com/data/A82glthi/e6f4f4a67151346b3d121f99122c5715097906e7.png,提供其他類型的輔助或特殊玩法內容。,其他,
QuarryPlus,https://www.curseforge.com/projects/282837,21.1.144,Kotori316,AdditionalEnchantedMiner-1.21.1-neoforge-21.1.144.jar,QuarryPlus,,提供其他類型的輔助或特殊玩法內容。,其他,
RAR-Compat,https://www.curseforge.com/projects/1100379,0.9.7,Octo-Studios,rarcompat-1.21-0.9.7.jar,RAR-相容,,提供跨模組相容性、整合或附加內容，讓模組間能更好地協作。,兼容與整合,
RFToolsBase,https://www.curseforge.com/projects/326041,1.21-6.0.10,McJty,rftoolsbase-1.21-6.0.10.jar,RFToolsBase,,提供其他類型的輔助或特殊玩法內容。,其他,
RFToolsBuilder,https://www.curseforge.com/projects/347706,1.21-7.0.4,McJty,rftoolsbuilder-1.21-7.0.4.jar,RFToolsBuilder,,提供其他類型的輔助或特殊玩法內容。,其他,
RFToolsPower,https://www.curseforge.com/projects/290209,1.21-7.0.5,McJty,rftoolspower-1.21-7.0.5.jar,RFToolsPower,,加入機械、加工或自動化等科技玩法內容。,科技,
RFToolsStorage,https://www.curseforge.com/projects/350006,1.21-6.0.4,McJty,rftoolsstorage-1.21-6.0.4.jar,RFToolsStorage,,提供物品儲存、背包或整理相關功能，改善收納體驗。,儲存與背包,
RFToolsUtility,https://www.curseforge.com/projects/342466,1.21-7.0.10,McJty,rftoolsutility-1.21-7.0.10.jar,RFToolsUtility,,提供其他類型的輔助或特殊玩法內容。,其他,
Radical Cobblemon Trainers,https://www.curseforge.com/projects/1009534,0.17.6-beta,HDainester,rctmod-neoforge-1.21.1-0.17.6-beta.jar,Radical Cobblemon Trainers,https://cdn.modrinth.com/data/lRwTUnD7/2dddc192eaa5c7200a0df0b316ef9c67b77ec0d4.png,新增/調整生物行為、生成或 AI，豐富生態與互動。,生物與AI,
Radical Cobblemon Trainers API,https://www.curseforge.com/projects/1152792,0.14.6-beta,HDainester,rctapi-neoforge-1.21.1-0.14.6-beta.jar,Radical Cobblemon Trainers API,,提供其他模組所需的前置函式庫與共用功能。,前置庫與API,
Railcraft Reborn,https://www.curseforge.com/projects/901491,1.2.10,"Sm0keySa1m0n,Edivad99",railcraft-reborn-1.21.1-1.2.10.jar,Railcraft Reborn,https://cdn.modrinth.com/data/rO6kKst6/c4a2e080da5322fab090c18944751a70cb70ccf7_96.webp,新增/調整生物行為、生成或 AI，豐富生態與互動。,生物與AI,
Ranged Pumps,https://www.curseforge.com/projects/247496,1.3.0,Refined Mods,rangedpumps-1.3.0.jar,Ranged Pumps,https://cdn.modrinth.com/data/ceOkTRlU/bc16c8be6cd16516a4375a2b162bb6b598736d78.png,提供其他類型的輔助或特殊玩法內容。,其他,
Reap Mod,https://www.curseforge.com/projects/244256,1.21.1-1.1.2,Max Henkel,reap-neoforge-1.21.1-1.1.2.jar,Reap Mod,https://cdn.modrinth.com/data/NYHbcKK1/b2b3a8021b949a35ef2cfd0473eeec6e16bcffe8_96.webp,提供其他類型的輔助或特殊玩法內容。,其他,
Rebind Narrator,https://www.curseforge.com/projects/296996,2025.12.23,quaternary,rebind_narrator-1.21.1-neoforge-2025.12.23.jar,Rebind Narrator,https://cdn.modrinth.com/data/qw2Ls89j/83ae038314b8be2822ed4cd573721301becd2b51_96.webp,提供其他類型的輔助或特殊玩法內容。,其他,
Rechiseled,https://www.curseforge.com/projects/558998,1.2.1,SuperMartijn642,rechiseled-1.2.1-neoforge-mc1.21.jar,Rechiseled,https://cdn.modrinth.com/data/B0g2vT6l/b3d1c0f2ed2ec55eed1d6cd59c3ceb8f23b6eba3_96.webp,加入建材、裝飾方塊或建築輔助工具，提升建造表現。,建築與裝飾,
Rechiseled: Chipped,https://www.curseforge.com/projects/1007578,1.3,iwolfking,rechiseled_chipped-2.0-1.21.1.jar,Rechiseled: Chipped,https://cdn.modrinth.com/data/ryYcxeeA/8c890b2e2425058aee3b6270d37bab7b14ec8e5d_96.webp,加入建材、裝飾方塊或建築輔助工具，提升建造表現。,建築與裝飾,
Rechiseled: Create,https://www.curseforge.com/projects/888624,1.1.0,SuperMartijn642,rechiseledcreate-1.1.0-neoforge-mc1.21.jar,Rechiseled: 動力工坊,https://cdn.modrinth.com/data/E6867niZ/160d0983c4d1af06a9f3b0100f3da0f827901f7f_96.webp,加入機械、加工或自動化等科技玩法內容。,科技,
Redstone Pen,https://www.curseforge.com/projects/461710,1.11.42,wilechaote,redstonepen-1.21-neoforge-1.11.42.jar,Redstone Pen,https://cdn.modrinth.com/data/DwE83ioX/bd5d744fd430423838e204f635d9c11c9021a2a1.png,提供其他類型的輔助或特殊玩法內容。,其他,
Relics,https://www.curseforge.com/projects/445274,0.10.7.7,SSKirillSS,relics-1.21.1-0.10.7.7.jar,Relics,https://cdn.modrinth.com/data/OCJRPujW/abd5b9d7ed74ec3260e5807cfa1e9c7e28285450.gif,提供其他類型的輔助或特殊玩法內容。,其他,
Reliquary Reincarnations,https://www.curseforge.com/projects/241319,2.0.65,P3pp3rF1y,reliquary-1.21.1-2.0.65.1341.jar,Reliquary Reincarnations,https://cdn.modrinth.com/data/fQO83PId/69fd8e7d651c25c42b32585d882ac2d8459c2631.png,提供其他類型的輔助或特殊玩法內容。,其他,
Repeatable Trial Vaults,https://www.curseforge.com/projects/1070541,1.0.2,Buuz135,repeatable_trial_vaults-neoforge-1.21-1.0.2.jar,Repeatable Trial Vaults,https://cdn.modrinth.com/data/5RO5CdUY/fad5f75a1deb2d668f535bf4a2414d43e35c2b71_96.webp,提供其他類型的輔助或特殊玩法內容。,其他,
Resourceful Lib,https://www.curseforge.com/projects/570073,3.0.12,"ThatGravyBoat,Epic_Oreo",resourcefullib-neoforge-1.21-3.0.12.jar,Resourceful Lib,https://cdn.modrinth.com/data/G1hIVOrD/52130f41d05162ce6d7d1832a47d3c238d102632_96.webp,提供其他模組所需的前置函式庫與共用功能。,前置庫與API,
Resourcefulconfig,https://www.curseforge.com/projects/714059,3.0.11,,resourcefulconfig-neoforge-1.21-3.0.11.jar,Resourcefulconfig,,提供其他類型的輔助或特殊玩法內容。,其他,
Restrictions,https://www.curseforge.com/projects/282805,1.21-7.0.3,McJty,restrictions-1.21-7.0.3.jar,Restrictions,https://cdn.modrinth.com/data/oevBqQRC/85aa9436a08b1bc6a9293f1213b578bee5ec26bd_96.webp,提供其他類型的輔助或特殊玩法內容。,其他,
Rhino,https://www.curseforge.com/projects/416294,2101.2.7-build.81,"latvian.dev,Mozilla",rhino-2101.2.7-build.81.jar,Rhino,https://cdn.modrinth.com/data/sk9knFPE/fd4ab05472a7e28fbd62054e5640ef61308cc4a6_96.webp,提供其他類型的輔助或特殊玩法內容。,其他,
Roots Classic,https://www.curseforge.com/projects/295780,1.21.1-1.5.6,"Elucent,Lothrazar,Mrbysco",RootsClassic-1.21.1-1.5.6.jar,古典根源魔法,https://raw.githubusercontent.com/Lothrazar/RootsClassic/trunk/1.20/src/main/resources/assets/rootsclassic/textures/item/runic_tablet.png,以草木素材與儀式施放法術的自然系魔法線；從 Runic Tablet 起步，逐步解鎖法術、儀式與自修復工具。,魔法,28-roots-classic
Scalable Cat's Force,https://www.curseforge.com/projects/320926,6737240,,ScalableCatsForce-NeoForge-3.7.1-build-11-with-library.jar,Scalable Cat's Force,https://cdn.modrinth.com/data/zr0QMQMo/911b8bc1616bc7e7892ec787d30b9199da55586d_96.webp,提供其他類型的輔助或特殊玩法內容。,其他,
Searchables,https://www.curseforge.com/projects/858542,1.0.2,Jaredlll08,Searchables-neoforge-1.21.1-1.0.2.jar,Searchables,https://cdn.modrinth.com/data/fuuu3xnx/206971d54b37b30a2e728b1c194f7f096963d05a_96.webp,提供其他類型的輔助或特殊玩法內容。,其他,
SecurityCraft,https://www.curseforge.com/projects/64760,1.10.1,"Geforce132,bl4ckscor3,Redstone_Dubstep",[1.21.1] SecurityCraft v1.10.1.jar,SecurityCraft,https://cdn.modrinth.com/data/v8jzRtAt/5752f0894c70259757239dd128574c44f512de3f.png,提供其他類型的輔助或特殊玩法內容。,其他,
Shrink,https://www.curseforge.com/projects/426386,2.0.1.47,Gigabit101,shrink-2.0.1.47-neoforge.jar,Shrink,https://cdn.modrinth.com/data/jzaTHh0C/149921d93f63b9e4463499f1fe3dd787c1034cc7_96.webp,提供其他類型的輔助或特殊玩法內容。,其他,
Silent Gear,https://www.curseforge.com/projects/297039,4.0.30,SilentChaos512,silent-gear-1.21.1-neoforge-4.0.30.jar,Silent Gear,https://cdn.modrinth.com/data/73mSSnCf/206ca5fd84455ca3a12987599425c8ede2b842a9.png,提供其他類型的輔助或特殊玩法內容。,其他,
Silent Gear Metalworks,https://www.curseforge.com/projects/1199188,1.21.1-1.4.6,LobsterJonn,sgearmetalworks-1.21.1-1.4.6.jar,Silent Gear Metalworks,,提供其他類型的輔助或特殊玩法內容。,其他,
Silent Lib,https://www.curseforge.com/projects/242998,10.5.1,SilentChaos512,silent-lib-1.21.1-neoforge-10.5.1.jar,Silent Lib,https://cdn.modrinth.com/data/BQhuHQo4/0f19e292ab52b54fc3f51bdeb9f43b54721d29c7_96.webp,提供其他模組所需的前置函式庫與共用功能。,前置庫與API,
Silent's Gems,https://www.curseforge.com/projects/220311,5.1.3,SilentChaos512,silentgems-1.21.1-neoforge-5.1.3.jar,Silent's Gems,https://cdn.modrinth.com/data/Y036wakZ/acbf920fd2b81e53986fb53b986afc8ce676e2b7.png,提供其他類型的輔助或特殊玩法內容。,其他,
Simple Backups,https://www.curseforge.com/projects/583228,1.21-4.0.28,MelanX,SimpleBackups-1.21-4.0.28.jar,Simple Backups,https://cdn.modrinth.com/data/fzSKSXVK/d50c9ce03f47f141941339cf4d54f8cb6d81b6cf_96.webp,提供其他類型的輔助或特殊玩法內容。,其他,
Simple Magnets,https://www.curseforge.com/projects/394140,1.1.12+c,SuperMartijn642,simplemagnets-1.1.12c-neoforge-mc1.21.jar,Simple Magnets,https://cdn.modrinth.com/data/YyNQVpOu/icon.png,提供其他類型的輔助或特殊玩法內容。,其他,
Simple Voice Chat,https://modrepo.de/minecraft/voicechat/overview,1.21.1-2.6.11,Max Henkel,voicechat-neoforge-1.21.1-2.6.11.jar,Simple Voice Chat,https://cdn.modrinth.com/data/9eGKb6K1/icon.png,提供其他類型的輔助或特殊玩法內容。,其他,
Simple Weather,https://www.curseforge.com/projects/983390,1.0.13-hotfix,Soaryn,simple_weather-1.0.13-hotfix.jar,Simple Weather,,提供其他類型的輔助或特殊玩法內容。,其他,
SimpleTMs,https://www.curseforge.com/projects/959184,2.3.3,,SimpleTMs-neoforge-2.3.3.jar,SimpleTMs,,提供其他類型的輔助或特殊玩法內容。,其他,
Simply Light,https://www.curseforge.com/projects/300331,1.5.3,Flanks255,simplylight-1.5.3+1.21.1-b4.jar,Simply Light,,提供其他類型的輔助或特殊玩法內容。,其他,
SmartBrainLib,https://www.curseforge.com/projects/661293,1.16.11,Tslat,SmartBrainLib-neoforge-1.21.1-1.16.11.jar,SmartBrainLib,https://cdn.modrinth.com/data/PuyPazRT/a03ec1aee313af28b1b782668870c8ee058e9faf_96.webp,提供其他模組所需的前置函式庫與共用功能。,前置庫與API,
SmithingTemplateViewer,https://www.curseforge.com/projects/1133580,1.0.4,Buuz135,smithingtemplateviewer-1.0.4.jar,SmithingTemplateViewer,,提供其他類型的輔助或特殊玩法內容。,其他,
Sodium,https://www.curseforge.com/projects/394468,0.6.13+mc1.21.1,"JellySquid (jellysquid3),IMS212",sodium-neoforge-0.6.13+mc1.21.1.jar,Sodium,https://cdn.modrinth.com/data/AANobbMI/295862f4724dc3f78df3447ad6072b2dcd3ef0c9_96.webp,提供其他類型的輔助或特殊玩法內容。,其他,
Sophisticated Backpacks,https://www.curseforge.com/projects/422301,3.25.24,"P3pp3rF1y,Ridanisaurus",sophisticatedbackpacks-1.21.1-3.25.24.1499.jar,Sophisticated Backpacks,https://cdn.modrinth.com/data/TyCTlI4b/e31c7e2f8769d317339e25b2a8d1b40fbf312729_96.webp,提供物品儲存、背包或整理相關功能，改善收納體驗。,儲存與背包,13-sophisticated-backpacks
Sophisticated Backpacks Create Integration,https://www.curseforge.com/projects/1238567,0.1.5,P3pp3rF1y,sophisticatedbackpackscreateintegration-1.21.1-0.1.5.29.jar,Sophisticated Backpacks 動力工坊 整合,https://cdn.modrinth.com/data/s85zLEDe/63fd83994b39feceeec20241531d0f31cd096182_96.webp,提供物品儲存、背包或整理相關功能，改善收納體驗。,儲存與背包,
Sophisticated Core,https://www.curseforge.com/projects/618298,1.4.1,P3pp3rF1y,sophisticatedcore-1.21.1-1.4.1.1459.jar,Sophisticated 核心,https://cdn.modrinth.com/data/nmoqTijg/83f980596761b59f5c3e4e4d2c90d031d9d69ff6.png,提供其他模組所需的前置函式庫與共用功能。,前置庫與API,
Sophisticated Storage,https://www.curseforge.com/projects/619320,1.5.26,"P3pp3rF1y,Ridanisaurus",sophisticatedstorage-1.21.1-1.5.26.1480.jar,Sophisticated 收納,https://cdn.modrinth.com/data/hMlaZH8f/8c041db5cf8062e7471d5e239836c8b807853def_96.webp,提供物品儲存、背包或整理相關功能，改善收納體驗。,儲存與背包,
Sophisticated Storage Create Integration,https://www.curseforge.com/projects/1226755,0.1.13,P3pp3rF1y,sophisticatedstoragecreateintegration-1.21.1-0.1.13.54.jar,Sophisticated 收納 動力工坊 整合,https://cdn.modrinth.com/data/MJ0hdevs/11852c6245e5b52543a88ea122adf593f85d3dfc_96.webp,提供物品儲存、背包或整理相關功能，改善收納體驗。,儲存與背包,
Sophisticated Storage In Motion,https://www.curseforge.com/projects/1166930,0.10.26,P3pp3rF1y,sophisticatedstorageinmotion-1.21.1-0.10.26.181.jar,Sophisticated 收納 In Motion,https://cdn.modrinth.com/data/6vtFbyaJ/87bc5544f61f06ddc30dc07c7564647ca5f0f8a8_96.webp,提供物品儲存、背包或整理相關功能，改善收納體驗。,儲存與背包,
Soulplied Energistics,https://www.curseforge.com/projects/1143614,1.0.2,Buuz135,soulplied_energistics-1.0.2.jar,Soulplied Energistics,,提供其他類型的輔助或特殊玩法內容。,其他,
Spice of Life: Carrot Edition,https://www.curseforge.com/projects/277616,1.16.6,"Cazsius,Talonos,juliand665,Mrbysco",solcarrot-1.21.1-1.16.6.jar,Spice of Life: Carrot Edition,,提供其他類型的輔助或特殊玩法內容。,其他,
Starbunclemania,https://www.curseforge.com/projects/746215,1.5.3,Alexthw,starbunclemania-1.21.1-1.5.3.jar,Starbunclemania,,提供其他類型的輔助或特殊玩法內容。,其他,
StevesCarts2,https://www.curseforge.com/projects/551524,1.2.18,"VSWE,CreeperHost",stevescarts-1.21-1.2.18-neoforge.jar,StevesCarts2,,提供其他類型的輔助或特殊玩法內容。,其他,
Super Factory Manager (SFM),https://www.curseforge.com/projects/306935,4.28.0,TeamDman,Super Factory Manager (SFM)-MC1.21.1-4.28.0.jar,Super Factory Manager,,加入法術、能量或儀式等魔法玩法內容。,魔法,
SuperMartijn642's Config Library,https://www.curseforge.com/projects/438332,1.1.8,SuperMartijn642,supermartijn642configlib-1.1.8-neoforge-mc1.21.jar,SuperMartijn642's Config 函式庫,,提供其他模組所需的前置函式庫與共用功能。,前置庫與API,
SuperMartijn642's Core Lib,https://www.curseforge.com/projects/454372,1.1.20,SuperMartijn642,supermartijn642corelib-1.1.20-neoforge-mc1.21.jar,SuperMartijn642's 核心 Lib,https://cdn.modrinth.com/data/rOUBggPv/e745e719d7fe2aa0335d819ca9c97defbf2e0bcb_96.webp,提供其他模組所需的前置函式庫與共用功能。,前置庫與API,
Supplementaries,https://www.curseforge.com/projects/412082,1.21-3.5.17,"MehVahdJukaar,Plantkillable",supplementaries-1.21-3.5.17-neoforge.jar,Supplementaries,https://cdn.modrinth.com/data/fFEIiSDQ/e9f5f66fa3b67e54acb91258a1428d68311c58bc_96.webp,提供其他類型的輔助或特殊玩法內容。,其他,
Sussy Sniffers,https://www.curseforge.com/projects/1083346,1.21.1-0.1.3,LobsterJonn,sussysniffers-1.21.1-0.1.3.jar,Sussy Sniffers,,提供其他類型的輔助或特殊玩法內容。,其他,
Tempad,https://www.curseforge.com/projects/514923,3.0.4,CodexAdrian,tempad-1.21.1-3.0.4-all.jar,Tempad,https://cdn.modrinth.com/data/gKNwt7xu/e432887182e7aae2bca00df4b940d142d74caf9e_96.webp,提供其他類型的輔助或特殊玩法內容。,其他,
Terralith,https://www.curseforge.com/projects/513688,2.5.8,Stardust Labs,Terralith_1.21.x_v2.5.8.jar,Terralith,https://cdn.modrinth.com/data/8oi3bsk5/1959d924a1088944bbf07a06ba523726112d7e7a_96.webp,提供其他類型的輔助或特殊玩法內容。,其他,
Tesseract API,https://www.curseforge.com/projects/1067672,1.11.8-1.21.1,Swedz,tesseract-api-neoforge-1.11.8-1.21.1.jar,Tesseract API,https://cdn.modrinth.com/data/pHNT1iyc/fb418f72c30acdc3e15ba85e0c281e9ec68076ca.png,提供其他模組所需的前置函式庫與共用功能。,前置庫與API,
The Aether,https://www.curseforge.com/projects/255308,1.5.10,"AlphaMode,baguchi,bconlon,Blodhgarm,Burning Cactus,Drullkus,Hugo Payn,Jaryt,Katie 'Oz' Payn,quek,Raptor,reetam,RENREN,sunsette",aether-1.21.1-1.5.10-neoforge.jar,The Aether,https://cdn.modrinth.com/data/YhmgMVyu/62975a496c6664dff0ac47994f02545cd109e2a9_96.webp,提供其他類型的輔助或特殊玩法內容。,其他,
The Bumblezone,https://www.curseforge.com/projects/362479,7.11.8+1.21.1-neoforge,TelepathicGrunt,the_bumblezone-7.11.8+1.21.1-neoforge.jar,The Bumblezone,,提供其他類型的輔助或特殊玩法內容。,其他,
The Twilight Forest,https://www.curseforge.com/projects/227639,4.8.3287,"Benimatic,AtomicBlom,Drullkus,Killer_Demon,quadraxis,Tamaized,williewillus,Andromander,GizmoTheMoonPig,jodlodi,SleepyHorse",twilightforest-1.21.1-4.8.3287-universal.jar,The Twilight Forest,,提供其他類型的輔助或特殊玩法內容。,其他,
The Undergarden,https://www.curseforge.com/projects/379849,0.9.4,quek,The_Undergarden-1.21.1-0.9.4.jar,The Undergarden,https://cdn.modrinth.com/data/Ejfl5qDL/443e97da9d964660d4e7dca17fc8e28a8e9e667f_96.webp,提供其他類型的輔助或特殊玩法內容。,其他,
Theurgy,https://www.curseforge.com/projects/430636,1.68.0,Kli Kli,theurgy-1.21.1-neoforge-1.68.0.jar,Theurgy,https://cdn.modrinth.com/data/uOVMgoil/e24ffb3c0c0018fb6845943d144da833aa0aace0.png,提供其他類型的輔助或特殊玩法內容。,其他,
Theurgy KubeJS,https://www.curseforge.com/projects/963206,1.5.1,Kli Kli,theurgy_kubejs-1.21.1-neoforge-1.5.1.jar,Theurgy KubeJS,https://cdn.modrinth.com/data/oXj2r26F/75f299e31a79f922fae33390fba4299e69c5c0f8.png,提供其他類型的輔助或特殊玩法內容。,其他,
Time In A Bottle,https://www.curseforge.com/projects/895919,6.5.4,"RealMangoRage,MangoRage",tiab-neoforge-6.5.4.jar,Time In A Bottle,https://cdn.modrinth.com/data/LQdpBqdS/1870e5eaced6948d39f107e06238225b495a9806.png,提供其他類型的輔助或特殊玩法內容。,其他,19-time-in-a-bottle
Titanium,https://www.curseforge.com/projects/287342,4.0.40,"TheCodedOne,Buuz135",titanium-1.21-4.0.40.jar,Titanium,https://cdn.modrinth.com/data/1Ro7m06l/33bf708924b2e7952c308a902bf3e860f1151b9a_96.webp,提供其他類型的輔助或特殊玩法內容。,其他,
Toast Control,https://www.curseforge.com/projects/271740,9.0.1,Shadows_of_Fire,ToastControl-1.21.1-9.0.1.jar,Toast Control,,提供其他類型的輔助或特殊玩法內容。,其他,
Torchmaster,https://www.curseforge.com/projects/254268,21.1.9,Xalcon,torchmaster-neoforge-1.21.1-21.1.9.jar,Torchmaster,https://cdn.modrinth.com/data/Tl8ESrhX/icon.png,提供其他類型的輔助或特殊玩法內容。,其他,
Torchmaster Cobblemon Compat,https://www.curseforge.com/projects/1236250,1.6-neoforge-1.0.0,xalcone,torchmastercobblemoncompat-1.6-neoforge-1.0.0.jar,Torchmaster Cobblemon 相容,,提供跨模組相容性、整合或附加內容，讓模組間能更好地協作。,兼容與整合,
Trash Cans,https://www.curseforge.com/projects/394535,1.0.18+c,SuperMartijn642,trashcans-1.0.18c-neoforge-mc1.21.jar,Trash Cans,https://cdn.modrinth.com/data/4QrnfueM/cf88bd3f045d2bd4ab5f69cb5978417bbce17be2_96.webp,提供其他類型的輔助或特殊玩法內容。,其他,
Tree Tap,https://www.curseforge.com/projects/927874,1.21.1-0.4.5,LobsterJonn,treetap-1.21.1-0.4.5.jar,Tree Tap,https://cdn.modrinth.com/data/lfRXH3hR/233bfae5dd47863758d5c292c3d51d03dc8b4f1c_96.webp,提供其他類型的輔助或特殊玩法內容。,其他,
Underground Villages Mod,https://www.curseforge.com/projects/606989,4.0.3,"Mrbysco,ShyNieke",UndergroundVillages-neoforge-1.21.1-4.0.3.jar,Underground Villages Mod,,提供效能最佳化與記憶體/伺服器負載改善，提升遊戲流暢度。,效能最佳化,
Universal Sawmill,https://www.curseforge.com/projects/964817,1.21-1.7.1,MehVahdJukaar,sawmill-1.21-1.7.2-neoforge.jar,Universal Sawmill,,提供其他類型的輔助或特殊玩法內容。,其他,
Utilitarian,https://www.curseforge.com/projects/929559,1.21.1-0.18.0,LobsterJonn,utilitarian-1.21.1-0.18.0.jar,Utilitarian,https://cdn.modrinth.com/data/odpTfrvd/70c889e2283db812f3ada1c9e30943eca8f5ec1e_96.webp,提供其他類型的輔助或特殊玩法內容。,其他,
Utility vest,https://www.curseforge.com/projects/1284144,1.1.1,Satherov,utilityvest-1.1.1.jar,實用 vest,,提供其他類型的輔助或特殊玩法內容。,其他,
Valhelsia Core,https://www.curseforge.com/projects/416935,1.1.5,,valhelsia_core-neoforge-1.21.1-1.1.5.jar,Valhelsia 核心,https://cdn.modrinth.com/data/HsdNFinx/d798680216c5921e6be6d01bcd681204dd7ff73b_96.webp,提供其他模組所需的前置函式庫與共用功能。,前置庫與API,
Waystones,https://www.curseforge.com/projects/245755,21.1.25,BlayTheNinth,waystones-neoforge-1.21.1-21.1.25.jar,Waystones,https://cdn.modrinth.com/data/LOpKHB2A/6c81041b60d525d63c0b9da497db66cfda215e16_96.webp,提供其他類型的輔助或特殊玩法內容。,其他,14-waystones
When Dungeons Arise,https://www.curseforge.com/projects/442508,2.1.68,"Aureljz,DiamondTown & Zephyrusjz",DungeonsArise-1.21.1-2.1.68-release.jar,When Dungeons Arise,https://cdn.modrinth.com/data/8DfbfASn/4240773f6aa5f8c69f44a5e2e0ff313f98ff3389_96.webp,擴充世界生成、群系、地形或地下內容，增加探索變化。,世界生成,
Wireless Chargers,https://www.curseforge.com/projects/510656,1.0.9+a,SuperMartijn642,wirelesschargers-1.0.9a-neoforge-mc1.21.jar,Wireless Chargers,https://cdn.modrinth.com/data/nCk7Sfz8/ba040dc31fc6b0565508b55a058eedfa5f66cde2_96.webp,提供其他類型的輔助或特殊玩法內容。,其他,
Wither Skeleton Tweaks,https://www.curseforge.com/projects/255902,10.1.1,Shadows_of_Fire,WitherSkeletonTweaks-1.21.1-10.1.1.jar,Wither Skeleton Tweaks,,提供其他類型的輔助或特殊玩法內容。,其他,
XNet,https://www.curseforge.com/projects/260912,1.21-7.0.6,McJty,xnet-1.21-7.0.6.jar,XNet,https://cdn.modrinth.com/data/iu1jkWqa/a95925816a05b851e4fb3874e3877b1df1aef414_96.webp,提供其他類型的輔助或特殊玩法內容。,其他,
XTones Reworked,https://www.curseforge.com/projects/694231,1.1.1-1.21.1,TobsenD,xtonesreworked-1.1.1-1.21.1.jar,XTones Reworked,https://cdn.modrinth.com/data/YDluI37t/fe3242cb68c2581ce089c917dc4b1a2bfb3db33a_96.webp,提供其他類型的輔助或特殊玩法內容。,其他,
YUNG's API,https://www.curseforge.com/projects/1015100,1.21.1-NeoForge-5.1.6,YUNGNICKYOUNG,YungsApi-1.21.1-NeoForge-5.1.6.jar,YUNG's API,https://cdn.modrinth.com/data/Ua7DFN59/0fab1c351bf00926a8e1c91dc64b7c88832c3e1f_96.webp,提供其他模組所需的前置函式庫與共用功能。,前置庫與API,
YUNG's Better Dungeons,https://www.curseforge.com/projects/1015112,1.21.1-NeoForge-5.1.4,"YUNGNICKYOUNG,Acarii",YungsBetterDungeons-1.21.1-NeoForge-5.1.4.jar,YUNG's Better Dungeons,https://cdn.modrinth.com/data/o1C1Dkj5/9b54b2d932a5a5b6565c93814935c04902f3179b_96.webp,擴充世界生成、群系、地形或地下內容，增加探索變化。,世界生成,
YUNG's Better End Island,https://www.curseforge.com/projects/1015127,1.21.1-NeoForge-3.1.2,"YUNGNICKYOUNG,Acarii",YungsBetterEndIsland-1.21.1-NeoForge-3.1.2.jar,YUNG's Better End Island,https://cdn.modrinth.com/data/2BwBOmBQ/78c665ae3617a5b7e8902242b480d7f71ef04307_96.webp,提供其他類型的輔助或特殊玩法內容。,其他,
YUNG's Better Mineshafts,https://www.curseforge.com/projects/1015096,1.21.1-NeoForge-5.1.1,YUNGNICKYOUNG,YungsBetterMineshafts-1.21.1-NeoForge-5.1.1.jar,YUNG's Better Mineshafts,https://cdn.modrinth.com/data/HjmxVlSr/4e41ef8344db48b8368cd3d6f35844c8a619f446_96.webp,提供其他類型的輔助或特殊玩法內容。,其他,
YUNG's Better Strongholds,https://www.curseforge.com/projects/1015105,1.21.1-NeoForge-5.1.3,"YUNGNICKYOUNG,Acarii",YungsBetterStrongholds-1.21.1-NeoForge-5.1.3.jar,YUNG's Better Strongholds,https://cdn.modrinth.com/data/kidLKymU/bfb3cac4ca4d7d891fbbcb34a1d61eaa1d6f3e9a_96.webp,提供其他類型的輔助或特殊玩法內容。,其他,
Yeetus Experimentus,https://www.curseforge.com/projects/635427,87.0.0,Sunekaer,yeetusexperimentus-neoforge-87.0.0.jar,Yeetus Experimentus,https://cdn.modrinth.com/data/HaaH232J/6aee853f7f555ec6b033176fea8b78494cb538c1_96.webp,提供其他類型的輔助或特殊玩法內容。,其他,
YetAnotherConfigLib,https://www.curseforge.com/projects/667299,3.8.2+1.21.1-neoforge,isXander,yet_another_config_lib_v3-3.8.2+1.21.1-neoforge.jar,YetAnotherConfigLib,,提供其他模組所需的前置函式庫與共用功能。,前置庫與API,
Zero CORE 2,https://www.curseforge.com/projects/247921,1.21.1-2.4.21,ZeroNoRyouki,ZeroCore2-1.21.1-2.4.21.jar,Zero CORE 2,,提供其他模組所需的前置函式庫與共用功能。,前置庫與API,
lionfishapi,https://www.curseforge.com/projects/1001614,2.6,L_Ender,lionfishapi-2.6.jar,lionfishapi,,提供其他模組所需的前置函式庫與共用功能。,前置庫與API,
memorysettings mod,https://www.curseforge.com/projects/526901,5.9,Someaddon,memorysettings-1.21-5.9.jar,memorysettings mod,,提供其他類型的輔助或特殊玩法內容。,其他,
oωo,https://www.curseforge.com/projects/532610,0.12.15.5-beta.1+1.21,"glisco,Blodhgarm,BasiqueEvangelist,Noaaan",owo-lib-neoforge-0.12.15.5-beta.1+1.21.jar,oωo,,提供其他類型的輔助或特殊玩法內容。,其他,
spark,https://www.curseforge.com/projects/361579,1.10.124,Luck,spark-1.10.124-neoforge.jar,spark,https://cdn.modrinth.com/data/l6YH9Als/61a777dd08a8447ac93e8b6372e6d27d48cd1e1a_96.webp,提供效能最佳化與記憶體/伺服器負載改善，提升遊戲流暢度。,效能最佳化,
Cobblemon Challenge,https://modrinth.com/mod/cobblemon-challenge,,Turtlehoarder,,Cobblemon 對戰挑戰,https://cdn.modrinth.com/data/XpJB1Qk6/2a8dd26239ffe3b725da1fe632dd0ab59f9c6f53.png,提供 /challenge 與 /challengedouble 指令，讓玩家快速發起單打/雙打對戰，可設定幾打幾、等級統一與是否隊伍預覽。,冒險與探索,26-cobblemon-challenge
